a2,a3,a4,a8,a9,a10,a12,a14,a18,a19,a20,a21,a22,a23,a24,a25,a26,a27,a28,a29,a30,a32,a33,a34,a35,a36,a37,a38,a39,label
8.32,4.42,0,0.52,0,0,0,0,0,0.39,0.26,0,0.13,0,0.26,0,0.26,0,0.26,0,0,0,0,0,0,0,0,0,0,1
0,0.26,0,0.52,0.39,0.26,0.13,0,0,0.13,1.3,0,0.13,0.39,0,0.65,1.3,0,0,0,0,0,0,0,0,0,0,0,0,1
0,0,0,0.26,0,0,0,0,0,0.26,0,0,0,0,0.39,0,0,0,0.39,0,0,0,0,0,0,0,0,0,0,1
0,0.13,0,0.39,0.39,0.13,0.26,0,0,0.13,1.3,0,0,0.52,0.13,0,1.43,0.52,0,0,0,0,0,0,0.13,0,0,0,0,1
0,0.39,0,0.91,0.91,0.26,0.26,0,0,0.39,2.99,0.13,0.13,0.78,0.26,0.26,2.99,0.13,0,0,0,0,0,0,0,0,0,0,0,1
0,0.13,0,0,0,0.13,0.26,0,0,0.39,2.08,0,0,0.26,0,0,2.08,0,0,0,0,0,0,0,0,0,0,0,0,1
0,0.13,0,0.65,0.39,0.26,0.26,0,0,0.39,2.47,1.43,0.13,0.52,0.39,0.13,2.47,0,0,0,0,0,0,0,0,0,0,0,0,1
0,0.13,0,0.78,0.91,0.52,0.39,0,0,0.39,2.86,0.13,0.13,0.65,0.26,0.13,2.86,0.52,0,0,0,0,0,0,0,0,0,0,0,1
0,0,0,0.39,0.39,0.26,0.13,0,0,0,0.52,0,0.26,0,0,0,0.52,0,0,0,0,0,0,0,0.13,0,0,0,0,1
0,1.04,0,1.3,0.91,0.26,0,0,0.13,0.39,3.38,1.17,0.13,0.65,0.52,1.04,3.38,0.52,1300,0,0,0,0,0,0,0,0,0,0,1
0,0.26,0,0.91,0.39,0.39,0,0,0,0.13,2.08,0.78,0.13,0.26,0.26,1.17,2.08,0,0,0,0,0,0,0,0,0,0,0,0,1
0,0,0,0.65,0.13,0.13,0,0,0,0.13,1.17,0,0.13,0,0.13,0.13,1.17,0,0,0,0,0,0,0,0,0,0,0,0,1
0,0.26,0,0.52,0.13,0.39,0.13,0,0,0.26,1.17,0,0,0.13,0.39,0.39,1.17,0,0,0,0,0,0,0,0.13,0,0,0,0,1
0,0.13,0,0.78,0.91,0.13,0,0,0,0.39,1.56,1.43,0.13,0.39,0.39,0.39,1.56,0,0,0,0.26,0,0,0,0,0,0,0,0,1
0.13,0.65,0,1.95,1.82,1.04,0.52,0,0,0.26,8.32,0.13,0.13,0.52,0.13,0.78,8.32,0.26,0,0,0.39,0,0,0,0,0,0,0,0,1
0.13,0.39,0,0.91,1.04,1.04,0.52,0,0,0.13,1.56,1.3,0.13,0,0.39,0.39,1.56,0,0,0,0,0,0,0,0,0,0,0,0,1
0,0,0,0.78,0.91,0.52,0.13,0,0,0.26,1.43,1.43,0.13,0,0.26,0.13,1.43,0.26,0.52,0,0,0,0,0,0,0,0,0,0,1
0,0,0,0.78,0.91,0.52,0.13,0,0,0.26,1.43,1.43,0.13,0,0.26,0.13,1.43,0.26,0.52,0,0,0,0,0,0,0,0,0,0,1
0,0.13,0,0.78,1.04,0.26,0.13,0,0,0.13,2.21,0.13,0.13,0.52,0.26,0.26,2.21,0.13,0,0,0.26,0,0,0,0.13,0,0,0,0,1
0,0,0,0.65,0.39,0.13,0,0,0,0.13,1.17,0.26,0.13,0.26,0.26,0.13,1.17,0,0,0,0,0,0,0,0.13,0,0,0,0,1
0,0.13,0,0.65,1.17,0.26,0.26,0,0,0.39,1.82,1.43,0.13,0.13,0.39,0.13,1.82,0,0,0,0,0,0,0,0.13,0,0,0,0,1
0,0.13,0,0.78,0.52,0.26,0.26,0,0,0.39,2.6,0.13,0.13,0.52,0.26,0.13,2.6,0,0,0,0,0,0,0,0,0,0,0,0,1
0,0.52,0,0.52,0.65,0.26,0,0,0,0.39,2.47,1.43,0.13,0.78,0.52,0.13,2.47,0,0,0,0,0,0,0,0,0,0,0,0,1
0,0.91,0,0.65,1.17,0.39,0.13,0,0,0.39,2.47,1.43,0.13,0.65,0.39,0.39,2.47,0,0,0,0,0,0,0,0,0,0,0,0,1
0,0,0,0.39,0.13,0.13,0.13,0,0,0.13,0.65,0,0,0.13,0,0,0.65,0,0,0,0.13,0,0,0,0,0,0,0,0,1
0,0.65,0,0.52,0.65,0.39,0.26,0,0,0.39,2.21,1.43,0.13,0.65,0.39,0.13,2.21,0,0,0,0,0,0,0,0,0,0,0,0,1
0,0.39,0,0.26,0.39,0.39,0.26,0,0,0.39,2.6,1.17,0,0.39,0.26,0.52,2.6,0,0,0,0,0,0,0,0,0,0,0,0,1
0,0.13,0,0,0,0.26,0.39,0,0,0.39,1.43,0,0,0.52,0,0,1.43,0,0,0,0,0,0,0,0,0,0,0,0,1
0,0,0,0.13,0,0.26,0.13,0,0,0.13,1.56,0,0,0.26,0,0,1.56,0,0,0,0,0,0,0,0,0,0,0,0,1
0,0,0,0.39,0.26,0,0,0,0,0.13,0.65,0,0,0,0,0,0.65,0,0,0,0,0,0,0,0,0,0,0,0,1
0,0,0,0.39,0.26,0,0,0,0,0.13,0.65,0,0,0,0,0,0.65,0,0,0,0,0,0,0,0,0,0,0,0,1
0,0.52,0,1.43,0.78,0.26,0,0,0,0.65,2.86,1.43,0.13,0.65,0.39,0.13,2.86,0,0,0,0,0,0,0,0.13,0,0,0,0,1
0,0.13,0,0.78,0.78,0.26,0.26,0,0,0.39,2.86,0.13,0.13,0.39,0.26,0.13,2.86,0,0,0,0,0,0,0,0.13,0,0,0,0,1
0,0.13,0,0.52,0.39,0.52,0.39,0,0,0.39,2.99,0.13,0.13,0.52,0.26,0.13,2.99,0,0,0,0,0,0,0,0,0,0,0,0,1
0,0.13,0,0.78,0.91,0.65,0.13,0,0,0.13,1.95,0.13,0.13,0.26,0.39,0.13,1.95,0,0,0,0,0,0,0,0.13,0,0,0,0,1
0,0,0,0.65,0.52,0,0,0,0,0.39,1.82,0,0.13,0.91,0.39,0.13,1.82,0,0.26,0,0,0,0,0,0,0,0,0,0,1
0,0,0,0.91,0.39,0.13,0,0,0,0.39,2.21,0.13,0.26,0.52,0.39,0.13,2.21,0,0,0,0,0,0,0,0,0,0,0,0,1
0,0.13,0,0.65,0.91,0.26,0.13,0,0,0.13,1.69,0.13,0.13,0.26,0.39,0.13,1.69,0,0,0,0,0,0,0,0,0,0,0,0,1
0,0.13,0,0.65,0.39,0.26,0.13,0,0,0.13,1.69,0.13,0.13,0.26,0.26,0.13,1.69,0,0,0,0,0,0,0,0,0,0,0,0,1
0,0.39,0,0.52,1.04,0.26,0.26,0,0,0.39,2.73,0.13,0.13,0.52,0.39,0.39,2.73,0,0,0,0,0,0,0,0.13,0,0,0,0,1
0,0,0,1.04,0.52,0.13,0,0,0,0.39,2.21,0.13,0.26,0.52,0.39,0.13,2.21,0,0,0,0,0,0,0,0,0,0,0,0,1
0,0,0,0.91,0.65,0.26,0.26,0,0,0.13,1.82,1.3,0.13,0.65,0.26,0.39,1.82,0,0.13,0,0,0,0,0,0,0,0,0,0,1
0.13,0.13,0,0.65,0.39,0.39,0,0,0,0.39,0.78,0,0.13,0.26,0,0.39,0.78,0,0,0,0,0,0,0,0.13,0,0,0,0,1
0,0.13,0,0.91,0.52,0.26,0.13,0,0,0.39,2.34,0,0.13,1.04,0.26,0.26,2.34,0,0,0,0,0,0,0,0.13,0,0,0,0,1
0,0.13,0,0.39,0.13,1.3,0.26,0,0,0.39,2.34,0,0.13,0.52,0,0,2.34,0,0,0,0,0,0,0,0,0,0,0,0,1
0.13,1.3,0,2.73,1.17,0.39,0.13,0,0,0.26,2.86,0,0.13,0.91,0.78,1.69,2.86,0,0.13,0,0,0,0,0,0.13,0,0,0,0,1
0,0.91,0,1.69,1.17,0.13,0.26,0,0,0.39,2.34,0,0.26,1.04,0,0.13,2.34,0,0,0,0.26,0,0,0,0.13,0,0,0,0,1
0,0.13,0,0.52,0.91,0.39,0.26,0,0,0.13,1.43,0,0.13,0.39,0,0,1.43,0.26,0.13,0,0,0,0,0,0.13,0,0,0,0,1
0,0.13,0,0.52,0.39,0.26,0.26,0,0,0.39,2.47,0.13,0.13,0.52,0.26,0.13,2.47,0,0,0,0,0,0,0,0,0,0,0,0,1
0,0.13,0,0.91,0.65,0.78,0.78,0,0,0.39,3.12,0.13,0.26,0.65,0.39,0.13,3.12,0,0,0,0,0,0,0,0,0,0,0,0,1
0,0,0,0.39,0.52,0,0,0,0,0.39,1.95,0,0,0.52,0,0.52,1.95,0.52,0,0,0,0,0,0,0,0,0,0,0,1
0.13,0.26,0,0.52,0.52,0.13,0,0,0.13,0.26,1.43,1.17,0,1.3,0.52,0.78,1.43,0,0.39,0,0,0,0,0,0,0,0,0,0,1
0,0.26,0,1.43,0.78,0.78,0.52,0,0,0.39,3.38,0.13,0.26,0.52,0.52,0.13,3.38,0,0,0,0.13,0,0,0,0,0,0,0,0,1
0,0,0,0.52,0.39,0.13,0,0,0,0.39,2.08,1.43,0.13,0.26,0.26,0.13,2.08,0,0,0,0,0,0,0,0,0,0,0,0,1
0,0,0,0.52,0.39,0.13,0,0,0,0.39,2.08,1.43,0.13,0.26,0.26,0.13,2.08,0,0,0,0,0,0,0,0,0,0,0,0,1
0,0.13,0,0.52,0.13,0.13,0.13,0,0,0.13,1.04,0,0,0.13,0,0.13,1.04,0,0,0,0,0,0,0,0,0,0,0,0,1
0,0,0,0.91,0.52,0.13,0,0,0,0.39,2.34,0.13,0.13,0.52,0.52,0.13,2.34,0,0,0,0,0,0,0,0,0,0,0,0,1
0,0.26,0,1.43,0.78,0.78,0.52,0,0,0.39,3.38,0.13,0.26,0.52,0.52,0.13,3.38,0,0,0,0.13,0,0,0,0,0,0,0,0,1
0,0,0,0.39,0,0,0,0,0,0.39,1.56,0,0,0.39,0.26,0,1.56,0,0.26,0,0,0,0,0,0,0,0,0,0,1
0.13,0.13,0,0,0,0,0,0,0.13,0.52,0.39,0,0,0.26,0.26,0,0.39,0,0.13,0.13,0,0,0,0,0.13,0,0,0,0,1
0,0.52,0,1.04,0.91,0.13,0.26,0,0,0.39,2.86,1.43,0.13,0.52,0,0.39,2.86,0.13,0,0,0,0,0,0,0,0,0,0,0,1
0,0.13,0,0.65,0.26,0,0,0,0,0.39,2.21,0,0,0.39,0,0.13,2.21,0,0,0,0,0,0,0,0,0,0,0,0,1
0,0.13,0,0.13,0.52,0.13,0.13,0,0,0.13,1.04,0,0,0.13,0,0,1.04,0.13,0,0,0,0,0,0,0,0,0,0,0,1
0,0.26,0,0.52,0.13,0.39,0.13,0,0,0.26,1.17,0,0,0.13,0.39,0.39,1.17,0,0,0,0,0,0,0,0.13,0,0,0,0,1
0,0.26,0,0.65,0.52,0.52,0.39,0,0,0.39,1.3,0,0.13,0.78,0.26,0.13,1.3,0.13,0.13,0,0,0,0,0,0,0,0,0,0,1
0,0.91,0,0.78,1.43,0.26,0,0,0,0.13,1.82,1.43,0.13,0.65,0.39,0.39,1.82,0.39,0,0,0,0,0,0,0,0,0,0,0,1
0,0.13,0,0.26,0.26,0.52,0.39,0,0,0.39,1.3,0,0,0.26,0,0,1.3,0.26,0,0,0,0,0,0,0,0,0,0,0,1
0,0.13,0,0.65,1.17,1.04,0.39,0,0.13,0.52,1.95,0.13,0.13,0.39,0.39,0.13,1.95,0,0.52,0.13,0.26,0,0,0,0.13,0,0,0,0,1
0,0.26,0,0.91,0.65,6.11,0.78,0,0,0.39,3.51,0,0.13,1.3,0.39,0.13,3.51,0.13,0,0,0,0,0,0,0,0,0,0,0,1
0,0.26,0,0.13,0.39,0,0,0,0,0.39,1.95,0,0,0.91,0.26,0.13,1.95,0.26,0,0,0.13,0,0,0,0.26,0,0,0,0,1
0,0.13,0,1.69,1.3,0.26,0.26,0,0,0.39,3.51,0.13,0.39,0.91,0.39,0.52,3.51,0.26,0,0,0.52,0,0,0,0.13,0,0,0,0,1
0,0.13,0,0.52,0.39,0.26,0.26,0,0,0.39,2.47,0.13,0.13,0.39,0.39,0.13,2.47,0,0,0,0.13,0,0,0,0,0,0,0,0,1
0,0,0,0.13,0,0,0,0,0,0.52,0.39,0,0,0.39,0,0,0.39,0,0.26,0,0,0,0,0,0,0,0,0,0,1
0,0.91,0,0.65,0.91,0,0,0,0,0.13,2.34,0,0.13,0.52,0.26,0,2.34,0.13,0,0,0,0,0,0.13,0,0,0,0,0,1
0,0.26,0,0.39,0.26,1.56,0,0,0,0,1.43,0.78,0,0.26,0.26,0.52,1.43,0,0,0,0,0,0,0,0,0,0,0,0,1
0,1.95,0,0.91,1.04,0.39,0.39,0,0,0.13,1.69,0,0,0.65,0.26,1.56,1.69,0.39,0,0,0.13,0,0,0,0,0,0,0,0,1
0.13,0.26,0,0.39,0.26,0,0,0,0.13,0.78,1.69,0,0,0.65,0.26,0.78,1.69,0,0.52,0.13,0,0,0,0,0.26,0,0,0,0,1
0,0.13,0,0.52,0.39,0.13,0.26,0,0,0.39,1.95,0,0.13,0.26,0.13,0.13,1.95,0,0,0,0,0,0,0,0,0,0,0,0,1
0,0.13,0,0.91,0.78,0.39,0.26,0,0,0.13,1.95,0.13,0.13,0.78,0.39,0.13,1.95,0.13,0,0,0,0,0,0,0,0,0,0,0,1
0,0.26,0,0.26,0.65,0.91,0.13,0,0,0.13,1.17,0,0.13,0.52,0,0.13,1.17,0.13,0,0,0,0,0,0,0.26,0,0,0,0,1
0,0.52,0,1.17,0.78,0.13,0.26,0,0,0.26,2.47,0,0.13,0.78,0.13,0.39,2.47,0.13,0,0,0.26,0,0,0,0,0,0,0,0,1
0,0.26,0,1.43,0.78,0.78,0.52,0,0,0.39,3.38,0.13,0.26,0.52,0.52,0.13,3.38,0,0,0,0.13,0,0,0,0,0,0,0,0,1
0,0.13,0,0.52,0.39,0.26,0.26,0,0,0.39,2.6,0.13,0.13,0.39,0.26,0.13,2.6,0,0,0,0,0,0,0,0,0,0,0,0,1
0,0,0,0.52,0.39,0.13,0,0,0,0.13,1.43,0.13,0.13,0.39,0.26,0.13,1.43,0,0,0,0,0,0,0,0,0,0,0,0,1
0,0,0,0.65,0.26,0.13,0,0,0,0.13,1.43,1.3,0.39,0.65,0.39,0.13,1.43,0,0.13,0,0,0,0,0,0,0,0,0,0,1
0,0.52,0,0.91,0.52,0.78,0.52,0,0,0.39,3.9,0,0.39,0.65,0.39,0.39,3.9,0,0,0,0,0,0,0,0,0,0,0,0,1
0,0.13,0,0.52,0.39,0.26,0.13,0,0,0.13,1.43,0.13,0.13,0.39,0.26,0.13,1.43,0,0,0,0,0,0,0,0,0,0,0,0,1
0,0.13,0,0.52,0.39,0.26,0.26,0,0,0.39,2.73,0.13,0.13,0.52,0.26,0.13,2.73,0,0,0,0,0,0,0,0,0,0,0,0,1
0,0.13,0,0.52,0.39,0.26,0.26,0,0,0.39,2.47,0.13,0.13,0.52,0.26,0.13,2.47,0,0,0,0,0,0,0,0,0,0,0,0,1
0,0.65,0,0.78,0.65,0.39,0.26,0,0,0.39,2.34,1.43,0.26,0.91,0.39,0.26,2.34,0,0,0,0.26,0,0,0,0,0,0,0,0,1
0,0,0,0.78,0.39,0.13,0,0,0,0.39,1.82,1.3,0.13,0.39,0.26,0.26,1.82,0,0,0,0,0,0,0,0,0,0,0,0,1
0,0.13,0,0.26,0.13,0.13,0.26,0,0,0.39,2.21,0,0,0.26,0,0,2.21,0,0,0,0,0,0,0,0,0,0,0,0,1
0,0.13,0,0.39,0.78,0.39,0.26,0,0,0.13,1.43,0,0,0.65,0,0,1.43,0.13,0,0,0,0,0,0,0.13,0,0,0,0,1
0,0,0,0,0,0,0,0,0,0.13,0.78,0,0,0,0,0,0.78,0,0,0,0,0,0,0,0,0,0,0,0,1
0,0.78,0,0.91,0.39,0.39,0,0,0,0,0.78,0.78,0.26,0.13,0.26,0.65,0.78,0,0,0,0,0,0,0,0,0.13,0,0,0,1
0,0.52,0,0.65,0.65,0.26,0,0,0,0.39,2.34,1.43,0.13,0.65,0.26,0.13,2.34,0,0,0,0,0,0,0,0.13,0,0,0,0,1
0,0,0,0.39,0,0,0,0,0,0.39,1.56,0,0.13,0.26,0.26,0,1.56,0,0,0,0,0,0,0,0,0,0,0,0,1
0,0.65,0,0.52,0.65,0.39,0.26,0,0,0.39,2.34,1.43,0.13,0.65,0.39,0.13,2.34,0,0,0,0,0,0,0,0,0,0,0,0,1
0,0.65,0,0.65,0.65,0.39,0.26,0,0,0.39,2.47,1.43,0.13,0.65,0.39,0.13,2.47,0,0,0,0,0,0,0,0,0,0,0,0,1
0,0.65,0,0.65,0.65,0.39,0.26,0,0,0.39,2.47,1.43,0.13,0.65,0.39,0.13,2.47,0,0,0,0,0,0,0,0,0,0,0,0,1
0,0.52,0,0.65,0.65,0.26,0,0,0,0.39,3.64,1.43,0.13,0.65,0.26,0.13,3.64,0,0,0,0,0,0,0,0.13,0,0,0,0,1
0,0.91,0,0.65,0.52,0.52,0.13,0,0,0.13,2.6,0.78,0,0.26,0.39,0.65,2.6,0,0,0,0,0,0,0,0.13,0.26,0,0,0,1
0,0.26,0,0.26,0.13,0.39,0,0,0,0,0.78,0.78,0,0.13,0.26,0.52,0.78,0,0,0,0,0,0,0,0,0,0,0,0,1
0,0.13,0,0.78,1.04,0.39,0.39,0,0,0.39,2.6,0,0.13,0.52,0.13,0.13,2.6,0.13,0,0,0,0,0,0,0,0,0,0,0,1
0,0.39,0,1.56,0.78,7.41,1.04,0,0,0.39,3.51,0,0.13,0.78,0.13,0.13,3.51,0.39,0,0,0,0,0,0,0,0,0,0,0,1
0,0.13,0,0.65,0.78,1.3,0.13,0,0,0.13,1.43,0,0,0.65,0.39,0.26,1.43,0.13,0,0,0,0,0,0,0,0,0,0,0,1
0,0.13,0,0.65,0.52,0.13,0,0,0,0.39,2.6,0.13,0.26,0.65,0.39,0.39,2.6,0,0,0,0,0,0,0,0,0,0,0,0,1
0,0.13,0,1.04,0.91,0.78,0.26,0,0,0.13,1.69,0.13,0.13,0.65,0.26,0.13,1.69,0.13,0,0,0,0,0,0,0,0,0,0,0,1
0,0.52,0,1.04,1.69,1.04,0.91,0,0,0.13,1.69,0.13,0.39,0.39,0.39,0.13,1.69,0.13,0,0,0.13,0,0,0,0,0,0,0,0,1
0,0.13,0,0.78,1.17,8.45,0.26,0,0,0.13,2.08,0.13,0.52,0.39,0.26,0.13,2.08,0.13,0,0,0,0,0,0,0,0,0,0,0,1
0,0.13,0,0.26,0.26,0.13,0.26,0,0,0.39,2.08,0,0,0.52,0,0.26,2.08,0,0,0,0,0,0,0,0,0,0,0,0,1
0,0.26,0,0.91,0.39,0.78,0.26,0,0,0.39,2.47,0,0,0.39,0.13,0.26,2.47,0,0,0,0,0,0,0,0,0,0,0,0,1
0,0,0,0.52,0.52,0.13,0,0,0,0.13,1.43,0.13,0.13,0.13,0.39,0.13,1.43,0,0,0,0,0,0,0,0,0,0,0,0,1
0,0.13,0,0.65,0.65,0.65,0,0,0,0.13,1.82,1.43,0.13,0.52,0.26,0.39,1.82,0,0,0,0,0,0,0,0,0,0,0,0,1
0,0.13,0,0.39,0.39,0.26,0.13,0,0,0.13,1.04,0,0,0.26,0.13,0,1.04,0.13,0,0,0,0,0,0,0.13,0,0,0,0,1
0.13,0.26,0,0.26,0.26,0.13,0.13,0,0,0.13,1.17,0,0,0.26,0,0.65,1.17,0,0,0,0,0,0,0,0.13,0,0,0,0,1
0,0.26,0,0.78,0.65,0.26,0,0,0,0.13,1.17,0,0.13,0.52,0.26,0.39,1.17,0.13,0,0,0.13,0,0,0,0,0,0,0,0,1
0,0.13,0,0.91,0.78,1.3,0.52,0,0,0.65,2.99,0,0.13,0.65,0.13,0.13,2.99,0.13,2.34,0,0,0,0,0,0,0,0,0,0,1
0,0.13,0,1.3,0.78,0.39,0.26,0,0,0.39,3.25,1.56,0.39,0.65,0.39,0.26,3.25,0,0,0,0,0,0,0,0,0,0,0,0,1
0,0.91,0,1.43,1.95,1.43,0.13,0,0,0.39,2.73,0,0.39,0.65,0.13,0.52,2.73,0.13,0,0,0,0,0,0,0,0,0,0,0,1
0,0.13,0,0.78,1.3,0.78,0.52,0,0,0.39,2.73,0,0,0.52,0,0.39,2.73,0,0,0,0,0,0,0,0,0,0,0,0,1
0,0.13,0,0.52,0.52,0.13,0.13,0,0,0.39,2.34,0,0,0.91,0,0.13,2.34,0,0,0,0,0,0,0,0.13,0,0,0,0,1
0,0.13,0,0.78,1.3,0.78,0.52,0,0,0.39,2.73,0,0,0.52,0,0.39,2.73,0,0,0,0,0,0,0,0,0,0,0,0,1
0,0.26,0,0.52,0.26,0.52,0.26,0,0,0.39,2.08,0,0,0.52,0,0.13,2.08,0,0,0,0,0,0,0,0,0,0,0,0,1
0,0.65,0,0.39,0.26,1.04,0.26,0,0,0.39,2.21,0,0.13,1.04,0,1.43,2.21,0,0,0,0,0,0,0,0.52,0,0,0,0,1
0,0.13,0,1.3,0.26,5.2,0.26,0,0,0.39,2.47,0,0.91,0.65,0.13,0.39,2.47,0,0,0,0,0,0,0,0.26,0,0,0,0,1
0,0,0,1.04,0.52,0.52,0,0,0,0.39,2.21,0,0.26,0.65,0.39,0.13,2.21,0,0.13,0,0,0,0,0,0,0,0,0,0,1
0,0.39,0,1.17,0.65,1.43,0,0,0,0.26,2.34,0.78,0.39,0.65,0.26,0.52,2.34,0,0,0,0,0,0,0,0,0,0,0,0,1
0,0.13,0,1.56,1.3,1.3,0.52,0,0,0.39,3.51,0.13,0.39,0.39,0.39,0.13,3.51,0.13,0,0,0,0,0,0,0.13,0,0,0,0,1
0,0.13,0,1.56,1.3,1.3,0.52,0,0,0.39,3.51,0.13,0.39,0.39,0.39,0.13,3.51,0.13,0,0,0,0,0,0,0.13,0,0,0,0,1
0,0.13,0,1.56,1.3,1.3,0.52,0,0,0.39,3.51,0.13,0.39,0.39,0.39,0.13,3.51,0.13,0,0,0,0,0,0,0.13,0,0,0,0,1
0,0.13,0,0.91,0.65,0.26,0,0,0,0.13,1.82,1.3,0.26,0.52,0.26,0.52,1.82,0.13,0,0,0.13,0,0,0,0.13,0,0,0,0,1
0.26,0.39,0,0.52,0.52,0.13,0.26,0,0,0.52,2.21,0,0.13,0.39,0,0.26,2.21,0,0.13,0,0,0,0,0,0,0,0,0,0,1
0,0.13,0,0.52,0.39,0.26,0.26,0,0,0.52,2.73,0.13,0.13,0.78,0.26,0.13,2.73,0,0.13,0,0,0,0,0,0,0,0,0,0,1
0,0.39,0,0.52,0.26,0.39,0,0,0,0.39,2.08,0.78,0,0.52,0.26,0.91,2.08,0,0.13,0,0,0,0,0,0,0,0,0,0,1
0,0.39,0,0.39,0.26,0.39,0,0,0,0.39,1.95,0.78,0,0.39,0.26,0.91,1.95,0,0.13,0,0,0,0,0,0,0,0,0,0,1
0,0.13,0,1.04,0.78,0.39,0.26,0,0,0.39,3.51,0.13,0.26,0.65,0.39,0.26,3.51,0,0,0,0,0,0,0,0,0,0,0,0,1
0,0.39,0,0.91,1.17,0.52,0,0,0,0.13,1.3,0.78,0.39,0.91,0.65,1.43,1.3,0.26,0.26,0,0,0,0,0,0,0,0,0,0,1
0,0.52,0,0.52,0.65,0.26,0,0,0,0.13,1.82,1.43,0.13,0.39,0.26,0.13,1.82,0,0,0,0,0,0,0,0.13,0,0,0,0,1
0,0.26,0,0.26,0.26,0.39,0,0,0,0.13,1.3,1.04,0,0.39,0.26,0.52,1.3,0,0,0,0,0,0,0,0,0,0,0,0,1
0,0.26,0,0.26,0.26,0.39,0,0,0,0.13,1.3,1.04,0,0.39,0.26,0.52,1.3,0,0,0,0,0,0,0,0,0,0,0,0,1
0,0.65,0,0.91,0.78,0.39,0,0,0,0.13,2.34,1.43,0.26,0.65,0.26,0.26,2.34,0,0,0,0,0,0,0,0,0,0,0,0,1
0,0.13,0,0.26,0,0.13,0,0,0,0.13,0.78,0.78,0,0.39,0.26,0.13,0.78,0,0,0,0,0,0,0,0,0,0,0,0,1
0,0.13,0,0.52,0.39,0.26,0.26,0,0,0.39,2.6,0.13,0.13,0.52,0.26,0.13,2.6,0,0,0,0,0,0,0,0,0,0,0,0,1
0,1.04,0,0.78,0.78,0.26,0,0,0,0.13,2.08,1.43,0.13,0.65,0.39,0.91,2.08,0.52,0,0,0,0,0,0,0,0,0,0,0,1
0,0.52,0,0.52,0.78,0.26,0,0,0,0,1.43,1.43,0.13,0.39,0.26,0.13,1.43,0,0,0,0,0,0,0,0,0,0,0,0,1
0,0,0,0,0,0,0,0,0,0,0.13,0,0,0.13,0,0,0.13,0,0,0,0,0,0,0,0,0,0,0,0,1
0,0.52,0,0.52,0.65,0.26,0,0,0,0.13,1.82,1.43,0.13,0.39,0.26,0.13,1.82,0,0,0,0,0,0,0,0.13,0,0,0,0,1
0,0.65,0,0.65,0.78,0.26,0,0,0,0.13,2.08,1.43,0.13,0.65,0.26,0.26,2.08,0.26,0,0,0,0,0,0,0.13,0,0,0,0,0
0,0.13,0,0.78,0.52,0.65,0.52,0,0,0.13,1.95,0.13,0.39,0.26,0.26,0.13,1.95,0,0,0,0,0,0,0,0,0,0,0,0,0
0,0,0,0,0.78,0,0,0,0,0.13,1.3,0,0,0,0,0,1.3,0,0,0,0,0,0,0,0,0,0,0,0,0
0,0.13,0,0.78,0.52,0.65,0.52,0,0,0.13,1.95,0.13,0.39,0.26,0.26,0.13,1.95,0,0,0,0,0,0,0,0,0,0,0,0,0
0,0.13,0,0.52,0.39,0.26,0.26,0,0,0.39,2.6,0.13,0.13,0.52,0.26,0.13,2.6,0,0,0,0,0,0,0,0,0,0,0,0,0
0,0.26,0,0.39,0.26,0.39,0.13,0,0,0,0.65,0,0.13,0.26,0.26,0.26,0.65,0,0,0,0,0,0,0,0.13,0,0,0,0,0
0,0,0,0.39,0.13,0,0,0,0,0,0.13,0,0,0,0,0,0.13,0,0,0,0,0,0,0,0,0,0,0,0,0
0,0.13,0,0.13,0.26,0.13,0.26,0,0,0.39,2.21,0,0,0.52,0,0.13,2.21,0,0,0,0,0,0,0,0,0,0,0,0,0
0,0.39,0,1.17,1.56,0.39,0.13,0,0,0.13,2.08,1.17,0.13,0.13,0.39,0.52,2.08,0,0,0,0,0,0,0,0,0,0,0,0,0
0,0.26,0,0.26,0.13,0.39,0,0,0,0.13,0.78,0.78,0,0.13,0.26,0.52,0.78,0,0,0,0,0,0,0,0,0,0,0,0,0
0,0.52,0,0.65,0.52,0.26,0,0,0,0.13,2.21,1.43,0.13,0.52,0.26,0.26,2.21,0,0,0,0,0,0,0,0,0,0,0,0,0
0,1.04,0,0.78,0.78,0.26,0,0,0,0.13,2.08,1.43,0.13,0.65,0.39,0.91,2.08,0.52,0,0,0,0,0,0,0,0,0,0,0,0
0,0,0,0.52,0.52,0.13,0,0,0,0.13,1.3,0.13,0.13,0.39,0.26,0.13,1.3,0,0,0,0,0,0,0,0,0,0,0,0,0
0,0.13,0,1.95,1.04,0.52,0.39,0,0,0.39,2.86,0,0.13,0.91,0.26,0.52,2.86,0.26,0,0,0,0,0,0,0,0,0,0,0,0
0,0.39,0,0.78,0.39,0.65,0.39,0,0,0.39,2.73,0.13,0.26,0.65,0.39,0.13,2.73,0,0,0,0,0,0,0,0,0,0,0,0,0
0,0.91,0,1.69,1.17,0.26,0,0,0,0.39,3.25,1.43,0.26,0.91,0.52,0.52,3.25,0,0,0,0,0,0,0,0,0,0,0,0,0
0,0,0,0.26,0,0,0,0,0,0.13,1.3,0,0,0.13,0.26,0,1.3,0,0,0,0,0,0,0,0,0,0,0,0,0
0,0.39,0,1.3,0.91,3.25,0.52,0,0.13,0.52,3.38,0,0.26,1.56,0,0.65,3.38,0.39,0.13,0,0,0,0,0,0.13,0,0,0,0,0
0,0.26,0,0.39,0.26,0,0,0,0.13,0.13,0.91,0,0,0.78,0.13,0.13,0.91,0,0,0,0.13,0,0,0,0,0,0,0,0,0
0,0.65,0,1.3,1.17,1.17,1.3,0,0,0.39,3.38,1.43,0.26,0.52,0.39,0.13,3.38,0,0.13,0,0,0,0,0,0,0,0,0,0,0
0,0.13,0,1.04,0.52,0.26,0.26,0,0,0.39,2.86,0.13,0.13,0.65,0.39,0.13,2.86,0,0,0,0,0,0,0,0,0,0,0,0,0
0,0.13,0,0.91,0.91,0.26,0.26,0,0,0.39,2.6,0.13,0.26,0.39,0.39,0.13,2.6,0,0,0,0,0,0,0,0.13,0,0,0,0,0
0,0.26,0,1.17,0.91,1.04,0.52,0,0,0.13,1.82,0.13,0.26,0.78,0.78,1.56,1.82,0.26,0,0,0.26,0,0,0,0,0,0,0,0,0
0,0,0,0,0,0,0,0,0,0.52,0,0,0,0,0.13,0,0,0,1.04,0,0,0,0,0,0,0,0,0,0,0
0,0.13,0,1.04,1.17,0.52,0.26,0,0,0.39,1.3,0,0,0.65,0.26,0.13,1.3,0,0,0,0,0,0,0,0,0,0,0,0,0
0,0.13,0,1.3,1.17,0.26,0.26,0,0,0.52,3.25,0.13,0.39,0.65,0.39,0.13,3.25,0.26,0,0,0,0,0,0,0.13,0,0,0,0,0
0,0.13,0,1.04,0.91,0.78,0.52,0,0,0.39,3.51,0.13,0.39,0.78,0.39,0.13,3.51,0,0,0,0,0,0,0,0,0,0,0,0,0
0,0.26,0,0.52,1.3,0.91,0.65,0,0.13,0.39,1.3,0,0,0.78,0,0.26,1.3,0.13,0,0.13,0.26,0,0,0,0,0,0,0,0,0
0,0,0,0.52,0.13,0.13,0,0,0,0.13,0.91,0.78,0,0.52,0.39,0,0.91,0,0,0,0,0,0,0,0,0,0,0,0,0
0,1.3,0,0.91,1.17,2.47,0.26,0,0,0.39,1.43,0,0,0.65,0.13,0,1.43,0,0.65,0,0.13,0,0,0,0.13,0,0,0,0,0
0,0,0,0.52,0.52,0.13,0,0,0,0.39,2.08,0.13,0.13,0.52,0.26,0.13,2.08,0,0,0,0,0,0,0,0,0,0,0,0,0
0,0.13,0,0.78,0.91,0.26,0.13,0,0,0.52,1.82,0.13,0.39,0.39,0.39,0.26,1.82,0,0.13,0,0,0,0,0,0.13,0,0,0,0,0
0,0.13,0,0.78,0.78,0.26,0.26,0,0,0.39,2.73,0.13,0.13,0.52,0.39,0.13,2.73,0,0,0,0,0,0,0,0,0,0,0,0,0
0,0,0,0.52,0.91,0.13,0,0,0,0.13,1.56,0.13,0.13,0.26,0.26,0.13,1.56,0,0,0,0,0,0,0,0,0,0,0,0,0
0,0.52,0,0.52,0.78,0.65,0,0,0,0.39,2.08,1.43,0.13,0.39,0.26,0.13,2.08,0,0,0,0,0,0,0,0,0,0,0,0,0
0,0.39,0,1.82,1.82,0.65,0,0,0,0.65,3.38,1.17,0.13,1.43,0.26,1.69,3.38,0.13,0.65,0,0,0,0,0,0,0,0,0,0,0
0.13,0.65,0,0.91,1.3,0.78,0.39,0,0,0.52,2.08,0.78,0,1.04,1.04,1.69,2.08,0,0.91,0,0.13,0,0,0,0.13,0,0,0.26,0.26,0
0,0.65,0,0.52,0.65,0.39,0.26,0,0,0.39,1.82,1.43,0.13,0.65,0.26,0.13,1.82,0,0,0,0,0,0,0,0,0,0,0,0,0
0,0.78,0,0.65,0.78,0.78,0.39,0,0,0.39,2.6,1.43,0.26,0.65,0.39,0.13,2.6,0,0,0,0,0,0,0,0,0,0,0,0,0
0,0.13,0,1.43,1.04,0.26,0.26,0,0,0.39,3.12,0.13,0.26,0.52,0.39,0.26,3.12,0,0,0,0,0,0,0,0.13,0,0,0,0,0
0,0,0,0.52,0.39,0.13,0,0,0,0.13,1.3,0.13,0.13,0.26,0.39,0.13,1.3,0,0,0,0,0,0,0,0,0,0,0,0,0
0,0.39,0,1.95,0.65,1.3,0,0,0,0.65,2.73,0.78,0.26,1.17,0.39,0.52,2.73,0,0,0,0,0,0,0,0,0,0,0,0,0
0,0.65,0,1.04,1.04,0.26,0,0,0,0.13,2.34,1.43,0.13,0.39,0.26,0.26,2.34,0,0,0,0,0,0,0,0,0,0,0,0,0
0,0.13,0,1.43,0.91,0.39,0.39,0,0,0.52,3.77,0.13,0.13,0.65,0.26,0.13,3.77,0,0.39,0,0,0,0,0,0,0,0,0,0,0
0,0.13,0,0.52,0.39,0.26,0.26,0,0,0.52,2.34,1.43,0.13,0.26,0.26,0.13,2.34,0,0,0,0,0,0,0,0,0,0,0,0,0
0.13,0.39,0,0.91,1.3,0.52,0.39,0,0,0.52,2.08,0,0,1.04,0.78,1.17,2.08,0,0.91,0,0.13,0,0,0,0.13,0,0,0.26,0.26,0
0,0.13,0,0.52,0.39,0.26,0.26,0,0,0.52,2.34,1.43,0.13,0.26,0.26,0.13,2.34,0,0,0,0,0,0,0,0,0,0,0,0,0
0,0.26,0,1.04,0.65,0.26,0.26,0,0,0.39,3.12,0.13,0.13,0.65,0.26,0.39,3.12,0.52,0,0,0,0,0,0,0,0,0,0,0,0
0,0.13,0,0.78,0.39,0.39,0.13,0,0,0.52,2.99,0.13,0.13,0.52,0.26,0.13,2.99,0,0,0,0,0,0,0,0,0,0,0,0,0
0,0.13,0,0.78,0.65,0.39,0.13,0,0,0.13,0.78,1.04,0.13,0.26,0.65,2.21,0.78,0.65,0.26,0,0,0,0,0,0.13,0,0,0,0,0
0,0,0,0.52,0.39,0.13,0,0,0,0.13,1.43,0.13,0.13,0.52,0.26,0.52,1.43,0,0.52,0,0,0,0,0,0,0,0,0,0,0
0,0.78,0,0.52,0.78,0.52,0.26,0,0,0.13,1.56,1.43,0.39,0.39,0.26,0.39,1.56,0,0,0,0,0,0,0,0,0,0,0,0,0
0,0.39,0,1.56,1.69,1.3,0.78,0,0,0.26,1.95,0.13,0.52,0.26,0.39,0.13,1.95,0.13,0.13,0,0,0,0,0,0,0,0,0,0,0
0,0.13,0,0.65,0.78,0.26,0.26,0,0,0.39,1.82,0.13,0.26,0.52,0.39,0.13,1.82,0,0.13,0,0,0,0,0,0,0,0,0,0,0
0,0.52,0,0.52,0.78,0.65,0,0,0,0.39,2.08,1.43,0.13,0.39,0.26,0.13,2.08,0,0,0,0,0,0,0,0,0,0,0,0,0
0,0.65,0,0.78,1.04,0.39,0.39,0,0,0.13,1.95,1.56,0.13,0.78,0.39,0.39,1.95,0.13,0.39,0,0,0,0,0,0,0,0,0,0,0
0,0.13,0,0.13,0.91,0,0,0,0,0.26,0.65,0,0,0.26,1.95,0.39,0.65,0.26,1.82,0,0.13,0,0,0,0.13,0.13,0,0,0,0
0,0,0,0.65,0.52,0,0,0,0,0,0.13,0,0.52,0,0,0,0.13,0,0,0,0,0,0,0,0,0,0,0,0,0
0,0.26,0,0.65,0.65,1.3,0,0,0,0.13,2.47,1.17,0.13,0.65,0.26,0.78,2.47,0,0,0,0,0,0,0,0,0,0,0,0,0
0.13,0.65,0,1.04,1.04,0.26,0.26,0,0,0.39,2.6,0.13,0.26,0.65,0.52,0.13,2.6,0,0,0,0,0,0,0,0,0,0,0,0,0
0,0.13,0,0.52,0.39,0.26,0.26,0,0,0.39,2.47,1.43,0.13,0.26,0.26,0.26,2.47,0,0,0,0,0,0,0,0,0,0,0,0,0
0.13,0.26,0,0.91,0.65,0.39,0.39,0,0,0.39,2.73,0.13,0.13,0.65,0.26,1.17,2.73,0.13,0,0,0,0,0,0,0,0,0,0,0,0
0,0.26,0,1.17,1.17,0.65,0.26,0,0,0.13,2.73,0.13,0.39,1.17,0.52,0.39,2.73,0.13,0.13,0,0,0,0,0,0.13,0,0,0,0,0
0.13,0.26,0,0.39,0.65,0.13,0.26,0,0.13,0.39,1.69,0,0,0.52,0,0,1.69,0.13,0,0,0,0,0,0,0.13,0,0,0,0,0
0,0.39,0,0.39,0.65,0.52,0,0,0.13,0.26,1.56,1.17,0,0.39,0.39,0.91,1.56,0,0.13,0,0,0,0,0,0,0,0,0,0,0
0,0.39,0,1.3,0.91,3.25,0.52,0,0.13,0.52,3.38,0,0.26,1.56,0,0.65,3.38,0.39,0.13,0,0,0,0,0,0.13,0,0,0,0,0
0,0.13,0,0.52,0.39,0.78,0.39,0,0,0.39,2.47,0.13,0.13,0.52,0.26,0.13,2.47,0,0,0,0,0,0,0,0.13,0,0,0,0,0
0,0.26,0,0.39,0.26,0,0,0,0.13,0.13,0.91,0,0,0.78,0.13,0.13,0.91,0,0,0,0.13,0,0,0,0,0,0,0,0,0
0,0.13,0,0,0.13,0,0,0,0,0.52,1.43,0,0,0.78,0.26,0,1.43,0.13,0,0,0,0,0,0,0,0,0,0,0,0
0,0,0,0,0.13,0,0,0,0,0.39,1.56,0,0,0.39,0.13,0,1.56,0.13,0,0,0,0,0,0,0.13,0,0,0,0,0
0,0.13,0,0.78,0.91,1.56,0.39,0,0,0.39,3.38,0.13,0.39,0.65,0.26,0.13,3.38,0.13,0,0,0,0,0,0,0,0,0,0,0,0
0,2.34,0,0.52,0.39,0.39,0,0,0,0.39,2.47,0.78,0,0.52,0.26,0.52,2.47,0.13,0,0,0,0,0,0,0.13,0,0,0,0,0
0,0.13,0,1.17,0.39,0.13,0.26,0,0,0.39,2.47,0,0.13,0.13,0,0.78,2.47,0,0.13,0,0,0,0,0,0,0,0,0,0,0
0,0.13,0,0.65,0.78,0.39,0.39,0,0,0.39,2.73,0.13,0.26,0.39,0.26,0.13,2.73,0,0,0,0,0,0,0,0.13,0,0,0,0,0
0,0.26,0,3.12,1.69,2.6,0.65,0,0,0.13,4.68,0.13,0.52,0.65,0.78,0.13,4.68,0,0,0,0,0,0,0,0,0,0,0,0,0
0,0,0,0,0,0,0,0,0,0.52,0,0,0,0,0.13,0,0,0,1.04,0,0,0,0,0,0,0,0,0,0,0
0,0.39,0,0.26,1.04,0,0,0,0.13,0.52,0.65,0,0,0.26,0.13,0.39,0.65,0.65,0.13,0.13,0,0,0,0,0.13,0,0,0,0,0
0,0.39,0,0.13,1.04,0,0,0,0.13,0.52,0.65,0,0,0.26,0.13,0.39,0.65,0.65,0.13,0.13,0,0,0,0,0.13,0,0,0,0,0
0,0.39,0,0.26,1.04,0,0,0,0.13,0.52,0.65,0,0,0.26,0.13,0.39,0.65,0.65,0.13,0.13,0,0,0,0,0.13,0,0,0,0,0
0,0.39,0,0.26,1.04,0,0,0,0.13,0.52,0.65,0,0,0.26,0.13,0.39,0.65,0.65,0.13,0.13,0,0,0,0,0.13,0,0,0,0,0
0,0.39,0,0.26,1.04,0,0,0,0.13,0.52,0.65,0,0,0.26,0.13,0.39,0.65,0.65,0.13,0.13,0,0,0,0,0.13,0,0,0,0,0
0,0.26,0,0.13,0.26,0,0,0,0,0.26,0.78,0,0,0.65,0,0,0.78,0,0,0,0.26,0,0,0.13,0.13,0,0,0,0,0
0,0.26,0,1.04,0.65,0.52,0.13,0,0,0.39,3.38,1.43,0.26,0.39,0.39,0.52,3.38,0,0,0,0,0,0,0,0,0,0,0,0,0
0,0.13,0,0,0,0,0,0,0,0.13,0.91,0,0,0.26,0,0,0.91,0,0,0,0,0,0,0,0,0,0,0,0,0
0.13,0.13,0,0.52,1.04,0.13,0,0,0.13,0.78,2.21,0.13,0.13,0.52,0.52,0.13,2.21,0,0.13,0.13,0,0,0,0.13,0.13,0,0,0,0,0
0,0.78,0,1.17,1.69,1.17,0.91,0,0,0.13,2.08,0.13,0.39,0.39,0.39,0.52,2.08,0.13,0,0,0.13,0,0,0,0,0,0,0,0,0
0,0,0,0.13,0.52,0.13,0,0,0,0.39,1.17,0,0,0.39,0,0,1.17,0.26,0.65,0,0,0,0,0,0,0,0,0,0,0
0,0,0,0,0,0,0,0,0,0,0.26,0,0,0,0,0,0.26,0,0,0,0,0,0,0,0,0,0,0,0,0
0,0,0,1.04,0.52,0.13,0,0,0,0.39,2.34,0.13,0.26,0.52,0.52,0.13,2.34,0,0,0,0,0,0,0,0,0,0,0,0,0
0,0.13,0,0.65,0.65,0.52,0.26,0,0,0.13,1.95,0.13,0.13,0.52,0.26,0.26,1.95,0,0.13,0,0,0,0,0,0,0,0,0,0,0
0,0.13,0,0,0,0.13,0.26,0,0,0.39,1.82,0,0,0.26,0,0,1.82,0,0,0,0,0,0,0,0,0,0,0,0,0
0,0.91,0,0.52,0.78,0.39,0.26,0,0,0.39,2.34,1.43,0.13,0.91,0.39,0.52,2.34,0,0,0,0,0,0,0,0,0,0,0,0,0
0,0.65,0,0.52,0.13,0.65,0.13,0,0,0.13,1.04,1.04,0.13,0.39,0.26,0.65,1.04,0,0.65,0,0,0,0,0,0.13,0,0,0,0,0
0.13,0.13,0,0.52,0.78,0.13,0,0,0.13,0.78,2.34,0.13,0.13,0.65,0.52,0.13,2.34,0,0.39,0.13,0,0,0,0,0.13,0,0,0,0,0
0,0.26,0,0.78,0.78,0.13,0.13,0,0,0.39,1.56,1.3,0.26,0.39,0.39,0.52,1.56,0,0,0,0,0,0,0,0,0,0,0,0,0
0,0.13,0,0.26,0,0.13,0,0,0,0,0.52,0.78,0,0,0.26,0.26,0.52,0,0,0,0,0,0,0,0,0,0,0,0,0
0,0,0,0.65,0.65,0.13,0,0,0,0.39,2.34,0.13,0.39,0.52,0.26,0.13,2.34,0,0,0,0,0,0,0,0.13,0,0,0,0,0
0,0,0,0,0,0,0,0,0,0,0.39,0,0,0,0,0.13,0.39,0,0,0,0,0,0,0,0,0,0,0,0,0
0,0.13,0,0.26,0.65,0.13,0.26,0,0,0.39,2.47,0,0.13,0.26,0.13,0.13,2.47,0.13,0,0,0,0,0,0,0.13,0,0,0,0,0
0.13,0.26,0,0.26,0.65,0.26,0.26,0,0,0.39,1.3,0,0,0.52,0,0.13,1.3,0,0,0,0,0,0,0,0.13,0,0,0,0,0
0,0,0,0.52,0.52,0.13,0,0,0,0.13,1.3,1.43,0.13,0.39,0.39,0.78,1.3,0,0,0,0,0,0,0,0.13,0,0,0,0,0
0,0,0,0.52,0.52,0.13,0,0,0,0.13,1.3,1.43,0.13,0.39,0.39,0.78,1.3,0,0,0,0,0,0,0,0.13,0,0,0,0,0
0,0.26,0,0.26,0.26,0.39,0,0,0,0.13,1.3,0.78,0.13,0.13,0.26,0.65,1.3,0,0,0,0,0,0,0,0,0,0,0,0,0
0,0,0,0.39,0,0.13,0,0,0,0.13,0.52,0.78,0,0,0.26,0.13,0.52,0,0,0,0,0,0,0,0,0,0,0,0,0
0,0.13,0,0.78,0.78,0.39,0.26,0,0,0.13,1.56,0.13,0.26,0.52,0.39,1.3,1.56,0,0,0,0,0,0,0,0.13,0,0,0,0,0
0,0.13,0,1.04,1.04,0.26,0.39,0,0,0.39,3.51,0.13,0.13,0.65,0.26,0.26,3.51,0,0,0,0.26,0,0,0,0,0,0,0,0,0
0,0.39,0,1.04,1.04,0.91,0.65,0,0,0.39,3.64,0.13,0.13,0.65,0.39,0.26,3.64,0.13,0,0,0,0,0,0,0.13,0,0,0.13,0.13,0
0.13,0.52,0,1.56,0.78,0.26,0.26,0,0,0.65,3.64,1.43,0.13,1.56,0.78,1.04,3.64,0,0.39,0,0.26,0,0,0,0.78,0,0,0.13,0,0
0.13,0.13,0,1.04,0.78,0.39,0.13,0,0,0.26,1.95,0.78,0.13,0.39,0.13,1.43,1.95,0.13,2.6,0,0.91,0,0,0,0.26,0,0,0.13,0.13,0
0,0.13,0,1.04,1.04,0.26,0.39,0,0,0.39,3.51,0.13,0.13,0.65,0.26,0.26,3.51,0,0,0,0.26,0,0,0,0,0,0,0,0,0
0,0.26,0,0.78,0.52,0.26,0,0,0,0.13,2.47,1.17,0,0.52,0.39,1.82,2.47,0,0,0,0,0,0,0,0,0,0,0,0,0
0,0.13,0,0.78,1.04,0.26,0.13,0,0,0.13,2.21,0.13,0.13,0.52,0.26,0.26,2.21,0.13,0,0,0.26,0,0,0,0.13,0,0,0,0,0
0.13,0.52,0,1.69,1.04,0.26,0.26,0,0,0.65,4.29,1.43,0.13,1.56,0.78,1.3,4.29,0,0.39,0,0.39,0,0,0,0.78,0,0,0.13,0,0
0,0,0,0.13,0,0.13,0,0,0,0,1.17,0,0,0.13,0,0,1.17,0,0,0,0,0,0,0,0,0,0,0,0,0
0,0,0,0.52,1.04,0.39,0.13,0,0,0.13,1.82,0.13,0.26,0.26,0.26,0.39,1.82,0,0,0,0.26,0,0,0,0,0,0,0,0,0
0,0.65,0,0.65,0.78,0.39,0.26,0,0,0.39,2.73,1.43,0.26,0.65,0.26,0.39,2.73,0,0,0,0,0,0,0,0,0,0,0,0,0
0.13,0.13,0,0.52,0.65,0.26,0.13,0,0,0.39,1.95,0,0,1.17,0.52,1.04,1.95,0,0,0,0,0,0,0,0.13,0,0,0,0,0
0,0.39,0,0.26,0.39,0.26,0,0,0,0.39,2.34,1.17,0,0.39,0.26,0.52,2.34,0,0,0,0,0,0,0,0,0,0,0,0,0
0,0.26,0,0.26,0.13,0.39,0,0,0,0.13,1.04,0.78,0,0.13,0.26,0,1.04,0,0,0,0,0,0,0,0,0,0,0,0,0
0,0.13,0,0.39,0.26,0,0,0,0,0.13,0.52,0,0,0.13,0,0,0.52,0,0,0,0,0,0,0,0.13,0,0,0,0,0
0.13,0.26,0,0.13,0.26,0.13,0.26,0,0,0.13,1.17,0,0,0,0,0.13,1.17,0,0,0,0,0,0,0,0,0,0,0,0,0
0.13,0.52,0,0.65,0.52,0.65,0.13,0,0,0,1.56,1.04,0.26,0.52,0.39,0.78,1.56,0,0,0,0,0,0,0,0,0,0,0,0,0
0,0,0,0.52,0.13,0.26,0.13,0,0,0.39,1.56,0,0.13,0.13,0.39,0,1.56,0,0.39,0,0,0,0,0,0,0,0,0,0,0
0,0.13,0,0.78,1.04,0.13,0.26,0,0,0.39,1.43,0,0,0.52,0.13,0.39,1.43,0.13,0,0,0,0,0,0,0,0,0,0,0,0
0,0.39,0,1.04,0.52,0.39,0,0,0,0.13,1.56,0.78,0.26,0.52,0.26,0.65,1.56,0,0,0,0,0,0,0,0,0.13,0,0,0,0
0.39,0.39,0,0.91,1.3,0.26,0.13,0,0,0.13,2.21,0.13,0.13,0.78,0.39,0.39,2.21,0,0.13,0.26,0.39,0,0,0,0.13,0,0,0.13,0.13,0
0,0.26,0,1.17,0.91,1.04,0.52,0,0,0.13,1.82,0.13,0.26,0.78,0.78,1.56,1.82,0.26,0,0,0.26,0,0,0,0,0,0,0,0,0
0.13,0.13,0,0.91,1.43,0.13,0,0,0,0.39,2.47,1.3,0.13,0.91,0.39,0.26,2.47,0,0,0,0.13,0,0,0,0.13,0.13,0,0.26,0.26,0
0,0.13,0,0.78,1.3,1.43,0.39,0,0,0.52,1.82,0.13,0.39,0.52,0.39,0.26,1.82,0.26,1.43,0,0,0,0,0.13,0,0,0,0,0,0
0,0.78,0,1.04,0.91,0.39,0.65,0,0.13,0.39,2.08,1.43,0.39,0.91,0.39,0.13,2.08,0.39,0,0,0.26,0,0,0,0.13,0,0,0,0,0
0,0.13,0,0.65,0.39,0.39,0.13,0,0,0.91,1.56,0,0.39,1.04,0.26,0,1.56,0,0.13,0,0,0,0,0,0,0,0,0,0,0
0,0.91,0,0.91,1.95,0.91,0.52,0,0,0.39,5.33,0,0.52,0.65,0.39,0.13,5.33,0.13,0,0.13,0,0,0,0.39,0,0.13,0,0,0,0
0,0.13,0,0.52,0.78,0.26,0.13,0,0,0.13,1.95,0.13,0.13,0.26,0.26,0.13,1.95,0,0,0,0,0,0,0,0.13,0,0,0,0,0
0,0.13,0,0.39,1.3,0,0,0,0,0.65,1.04,0,0.26,0.26,0,0.13,1.04,0.78,0,0,0.26,0,0,0,0.13,0,0,0,0,0
0,0.91,0,0.78,0.39,0.52,0,0,0,0.13,1.04,0.78,0.26,0.13,0.26,0.65,1.04,0,0,0,0,0,0,0,0,0,0,0,0,0
0,0,0,0.26,0.13,0,0,0,0,0.39,1.43,0,0.13,0.52,0.13,0.13,1.43,0,0,0,0,0,0,0,0,0,0,0,0,0
0,0.39,0,1.04,1.3,0.91,0.52,0,0.13,0.39,4.29,0.13,0.39,0.78,0.26,0.13,4.29,0.13,0,0,0,0,0,0,0.13,0,0,0.39,0.39,0
0,0.13,0,0.39,1.82,0.13,0.26,0,0,0.39,1.69,0,0,0.91,0.13,0,1.69,0.39,0,0,0,0,0.13,0,0,0,0,0,0,0
0,0.26,0,0.78,0.65,0.13,0.26,0,0,0.39,3.9,0,0,0.78,0.13,0.52,3.9,0.65,0,0,0,0,0,0,0,0,0,0,0,0
0,0.39,0,0.65,0.39,0.13,0.26,0,0.13,0.13,1.3,0,0,0.78,0,0.13,1.3,0,0,0,0,0,0,0,0.13,0,0,0,0,0
0,0.39,0,1.04,1.56,0.26,0.26,0,0,0.39,2.86,0.13,0.26,0.78,0.52,0,2.86,0,0,0,0,0,0,0,0,0,0,0,0,0
0,0,0,0.65,0.26,0.13,0,0,0,0.13,1.43,1.3,0.39,0.65,0.26,0.13,1.43,0,0,0,0,0,0,0,0,0,0,0,0,0
0,0,0,0.65,0.39,0.13,0,0,0,0.13,1.43,1.3,0.13,0.65,0.26,0.39,1.43,0,0.13,0,0,0,0,0,0,0,0,0,0,0
0,0.13,0,0.52,0.39,0.26,0.13,0,0,0.13,1.69,0.13,0.13,0.26,0.39,0.26,1.69,0,0,0,0,0,0,0,0,0,0,0,0,0
0,0.13,0,0.52,0.39,0.26,0.26,0,0,0.39,2.6,0.13,0.13,0.52,0.26,0.13,2.6,0,0,0,0,0,0,0,0.13,0,0,0,0,0
0,0.52,0,0.91,1.17,1.17,0.65,0,0,0.39,2.21,1.43,0.13,0.78,0.65,0.52,2.21,0.13,0,0,0,0,0,0,0,0,0,0,0,0
0,0.13,0,1.56,0.91,0.39,0.26,0,0,0.52,3.64,0.13,0.78,1.17,0.65,0.78,3.64,0,0.39,0,0,0,0,0,0.13,0,0,0,0,0
0,0,0,0.65,0.52,0.26,0,0,0,0.39,2.21,0,0.26,0.65,0.26,0.13,2.21,0,0.13,0,0,0,0,0,0,0,0,0,0,0
0,0.26,0,1.69,1.04,0.52,0.26,0,0,0.39,3.51,0,0.52,0.52,0.13,1.43,3.51,0,0.13,0,0,0,0,0,0,0,0,0,0,0
0,0.13,0,1.69,0.78,0.26,0.26,0,0,0.39,2.99,0.13,0.26,0.78,0.52,0.26,2.99,0.39,0,0,0,0,0,0,0,0,0,0,169,0
5.07,5.07,0,16.9,13.52,8.45,10.14,0,0,5.07,32.11,1.69,3.38,11.83,10.14,3.38,32.11,1.69,0,0,0,0,0,0,1.69,2197,0,1.69,1.69,0
