1,2,3,4,5,6,7,8,9,10,11,12,13,14,15,16,17,18,19,20,21,22,23,24,25,label
0,0,0.9401551,0,0,0,0,1.1675166,0,0.52215505,0.7588552,0,1.2325368,1.3407292,0.41808206,0,0,0,0.8427127,0,0,0.49875903,0,0,0,1
0,0,122.65702,7.2910223,17.379475,0,0,0,0,0,1.2306633,62.737198,0,0,0,0,52.094547,95.59912,0,68.21374,38.37557,21.216444,23.219328,38.14749,32.64359,1
0.26957324,0,3.5237937,0.7250463,0,0,0.46958774,0,0,2.547628,0,1.1036315,0,0,0,0,0,3.042385,0,0,2.9203017,1.1264268,0.56894624,3.239658,0,1
0,0,78.85903,41.226685,0,0,0,0,0,16.375896,0,35.053635,0,0,0,0,41.702816,0,0,0,21.953632,61.48069,20.013353,109.178764,36.95184,1
2.263877,0,18.563244,0,0,0,0,0,0,33.023758,0,7.195748,0,0,0,0,60.96109,29.987442,0,0,15.281368,34.123558,23.914286,27.651182,13.958162,1
0.15609244,0,70.03736,47.26745,77.286354,0,0,0.65965295,0,0,0,5.1786866,0,0,0,0,32.43684,39.779354,0,0,0,0,72.18481,49.57165,30.992456,1
0,0,4.654484,15.035689,0,0,0,0,0,10.169365,0,4.1643414,0,0,0,0,0,18.623802,0,0,18.029324,37.265182,7.4667735,36.76122,5.1328073,1
0,0,8.490718,34.912838,58.900578,0,0,0,0,0,9.314731,25.209347,0,0,1.0304726,0,0,12.977519,2.7837503,9.826174,23.739908,1.6802846,15.414994,17.915876,11.144786,1
0,0.32539976,0.12873238,0,0,0,0.092907235,0,0,0.6767403,0.25171068,0,0,0,0.11002562,0,0.43574607,0.5420776,0.4242468,0,1.300049,0,0,0.4917922,0.26425347,1
0,0,46.141525,53.253006,0,0,0,0,0,67.997955,0,0,0,0,0,0,18.89871,66.493744,0,0,46.356266,30.682875,60.809376,182.44318,37.976536,1
3.2348514,0,7.9726224,2.5294058,14.367833,0,0,7.4292593,0,0,0,13.720193,0,0,0,0,5.5175233,42.628986,0,0,0,0,10.526743,0,3.2836258,1
0,0,7.2544627,0,0,0,2.1652358,0,0,0,0,16.85339,0,0,0,0,0,27.356943,0,0,0,0,27.604786,6.1401205,15.840967,1
0,0.56657946,0.03773798,0,0,0,0,0.8375199,0,0,0.8040172,0,0.82722604,0,0.5255509,0,0,1.4300618,0,0,3.4533165,0,0,0,0,1
0,7.4963465,0,0,0,0,0,0,0,0.894485,4.4087434,3.8889859,0,0,0,0,2.0737443,6.622551,0,0,3.8561351,0,5.313135,5.2403097,0,1
0,0,13.038371,25.075735,4.93347,0,0,0,0,10.485098,0,18.64494,0,0,0,0,30.23743,0,0,0,9.245661,0.65081567,19.935308,22.853704,25.338165,1
0,0,13.166443,24.96253,0,0,0,0,0,0.57687485,0,0,0,0,0,0,0.8862988,30.45565,0,0,27.705675,22.913767,10.962319,23.927366,0.5687025,1
8.072093,0,54.051388,14.659073,80.66654,0,0,0,0,0,0,10.193806,0,1.3255818,0,0,42.584705,0,0,0,0,0,36.645615,56.39348,24.115297,1
20.546003,0,17.81651,36.515285,0,0,0,0,0,12.126289,0,0,0,0,0,0,0,88.38103,0,0,13.551437,42.25214,11.652923,70.30099,0.1133862,1
0,0,48.011597,0,0,0,20.473507,0,0,51.3951,0.09642933,17.86391,0,0,0,0,16.568886,74.8703,0,0,41.13079,54.633293,71.69202,42.793774,10.539381,1
0,0,0,0.083949454,0,0,0.10874015,0,0,1.181965,0,0.8467489,0,0,0.003419355,0,0.15945823,0.16367371,0,0,0.41785792,0,0.01397115,0,0,1
10.023879,18.12769,0,0,0,0,0,0,0,5.0444016,0,0,0,0,0,0,23.74143,44.294098,0,0,51.37693,18.89131,56.457565,26.02907,37.83834,1
0,0,18.171162,5.121938,0,0,0,0,0,12.824399,0,0,0,0,0,0,8.448302,35.209293,0,0,62.852913,3.3994417,18.649532,72.00976,28.029009,1
6.3733816,24.71389,8.430484,0,0,0,7.5469465,0,0,30.604155,0,3.7649848,0,0,0,0,20.21228,41.185715,0,0,0,0,97.54401,61.36467,43.316887,1
0.124513656,0.64703196,8.688663,5.6179194,3.8566318,0,0,0.91429675,0,0,0,0,0,0,0,0,0,1.2867783,0,0,24.480074,0,24.079988,27.299421,7.03968,1
0,0,0,4.053957,0,0,0,0,0,0.021726489,0,3.0959027,0,0,0,0,0,22.26853,0,0,1.2928425,0,15.357069,0,0,1
4.9284267,0,26.551329,23.873999,11.158513,0,0,0,0,54.696598,8.15255,8.454388,0,0,0,0,0,28.232285,0,0,0,14.621055,47.551834,51.81662,0,1
3.4129076,0,39.809277,10.72521,0,0,9.616282,0,0,0,0,0,0,0,0,0,33.658054,57.78178,0,0,16.46719,20.270863,46.45237,17.047089,41.226433,1
0,0,2.934106,14.571517,11.205,0,0,0,0,15.105505,0,0,0,0,0,0,13.311345,58.477844,0,3.45709,68.749695,15.218176,16.646181,47.587234,32.056694,1
0,0,3.6869552,0,0,2.3792946,0,0.6782187,0,2.9269533,0,0,1.0925062,1.4303995,0,0,0,3.968443,0,0,2.5996242,0,0,0.5021674,0,1
0,0,11.137433,28.15664,5.91604,0,3.458492,0,0,0,0,13.951443,0,0,0,0,17.218815,34.378315,0,0,0,20.044605,27.022057,8.400177,8.287234,1
0,0,50.217274,6.7399783,0,0,0,10.920492,0,0,0,9.169932,0,0,0,0,10.482308,34.13085,0,0,43.407467,28.737373,0.8325455,35.960957,7.3981647,1
0,0,38.95662,0,0,0,0,0,11.229324,26.694525,0,0,0,0,0,0,60.171528,67.99773,0,0,45.202362,36.896095,28.31102,25.327314,45.201153,1
0,0,30.95166,0,16.86887,0,0,0,0,0,0,11.649995,0,0,0,0,26.781776,29.549288,0,0,0,9.155117,55.275917,0,54.404446,1
0.47017053,0,17.161404,0.39211094,2.4525702,0,0,0,0,25.767313,0,0,0,0,0,0,24.583824,12.118112,1.1526179,0,35.792732,23.054022,35.80423,26.736414,0.49341875,1
0,0,47.55892,24.206347,20.18599,0,0,0,0,0,0,9.913607,0,0,0,0,10.250149,61.451885,0,0,8.3699875,0,45.704857,0,0,1
1.8479898,0.24290732,3.2750852,0.019602837,0,0,1.3962399,0,0,0.23734689,0,0,0,0,0,0,0.30556932,3.7670195,0,0,5.4332542,0.65294695,1.6556602,5.227673,4.765647,1
2.7228396,0,0,0,0,0,0,0,0,6.5509872,0,7.061617,0,0,0,0,3.4955697,8.360662,0,0,3.6724734,0,2.266952,8.140064,2.891504,1
0,0,38.652336,0,7.81145,0,0,0,0,0,0,15.091622,0,0,0,0,29.527126,40.382786,0,0,15.392983,8.684827,5.528388,14.471544,9.530853,1
36.601864,0,24.970991,38.89195,47.175083,0,0.22207594,0,0,0,0,9.947168,0,0,0,0,5.5523996,58.53624,0,0,0,13.795466,13.881071,19.70489,18.378174,1
0,0,59.061985,54.205402,0,0,0,0,0,0,0,0,0,0,0,0,45.993988,0,0,0,97.969955,0,2.9149063,179.71687,66.67834,1
0,1.3542881,0.82164663,1.9070197,0,0,0,0,0,0,0,0,0,0,0,0,2.8372474,5.5096955,0,0,3.3559933,0,5.863992,4.743132,0,1
0,13.020714,9.9507,30.972342,0,0,0,0,0,0,0,15.504115,0,0,0,0,3.1878238,138.68912,0,0,0,20.602518,44.643646,11.9816065,21.36079,1
0,0,0,0,0,0,0,93.67978,0,0,0,0,0,91.978806,14.15822,0,44.899956,85.252495,0,0,118.3407,0,0,0,0,1
0,13.233171,5.0024304,11.141761,0,4.3989077,0,0,0,0,0,0,0,0,0,0,2.5647511,17.2023,0,0,30.757868,0,48.175964,37.73304,21.761461,1
0,0,21.544964,6.812923,13.188235,0,0,0,0,0,0,25.996483,0,0,0,0,18.11015,37.90143,0,0,0,23.129807,12.759682,18.745848,10.169134,1
0,0,40.61151,22.40316,0,0,8.770552,0,0,0,0,0,0,0,0,0,66.47242,64.633385,0,5.094256,106.37727,80.280396,22.632019,36.814034,0,1
6.4524417,0,23.064453,98.955475,0,0,0,0,0,54.121098,0,0.5113878,0,0,0,0,13.87283,79.32953,0,0,61.353848,13.5047245,5.9481616,37.009277,0.45337397,1
12.884432,0,36.0696,102.69676,78.33108,0,0,0,0,0,0,11.758305,0,0,0,0,8.931161,79.48481,0,0,32.635727,30.283167,43.75733,94.47644,75.35031,1
1.4727478,0,0,50.93544,0,0,0,0,0,0,0,15.4686775,0,0,0,0,30.336926,54.268623,0,0,44.04256,0,80.18928,17.134502,31.250551,1
0,0,62.49187,30.295763,2.4800308,0,0,0,0,39.405224,0,54.071693,0,0,0,0,34.8381,40.956467,0,0,27.490353,24.621151,0,46.462418,10.704373,1
4.3373165,0,30.577961,0,2.2647636,0,0,0,0,0,0,7.3180466,0,0,0,0,9.210195,27.618614,0,0,12.532338,32.199486,26.217129,18.100225,45.88796,1
0,108.140686,18.69131,0,0,0,0,0,0,0,68.443855,35.727512,0,0,0.90601146,0,0,44.21291,0,0,73.309616,0,90.35215,2.5483572,0,1
0,0,69.09561,10.308852,15.044082,0,0,0,0,18.790682,0,6.4074764,0,0,0,0,30.818628,56.187256,0,0,34.809254,4.9523873,28.773205,52.679287,0,1
0,0,53.861286,19.985529,0,0,0,12.828625,0,18.030752,35.344357,12.53982,0,0,0,0,8.486321,45.763443,0,0,61.62277,42.86766,0,30.813631,0,1
3.1399975,0,67.26568,0,31.595257,0,0,0,0,7.327381,19.559406,14.4410515,0,0,0,0,27.159477,15.174973,5.6354566,5.756634,0,37.929504,30.497389,37.829536,38.450268,1
0,0,43.582867,0,22.939318,0,0,11.690227,0,62.182247,0,69.82178,0,0,0,0,61.767483,33.54843,0,0,63.55548,13.526802,11.563301,40.9212,0,1
0.36951146,0,4.5876412,8.5753765,0,0,0,0,0,0,0,9.943985,0,0,0,0,0,5.710089,0,0,1.5085672,2.9666097,5.4605036,8.447233,5.6023364,1
0,0,24.121468,0,42.301285,0,0,1.3950021,0,0,0,0,0,0,0,0,35.76009,47.704075,0,0,16.48782,46.840977,58.50408,11.129385,41.461506,1
0,0,0.16053776,0,0,0,0,0,0,2.7294593,1.3244736,0.79898804,0,0.45330417,0,0,0.5699245,1.329452,0,0,0.39141172,0,0.5052944,0.49864697,0.6833842,1
0,0.63529336,0.4721933,0,0,0,0.243485,0.12428112,0,0,0,0,1.8027104,1.1132638,0,0,0.08009435,0.74045134,0.96877754,1.0297928,0.07743814,0,0,0,0,1
0,0,23.87601,0,0,0,0,0,0,0,0,0,0,0,0,0,58.726677,128.3992,0,0,62.030037,17.617113,0,6.0019684,25.453054,1
0,0,27.171429,27.429617,0,0,0,0,0,26.471584,0,20.56519,0,0,0,0,46.477394,51.641167,0,0,22.493471,0,31.70329,41.29716,8.834539,1
0,0,8.771348,19.186367,0,0,0,0,0,52.747116,0,18.925322,0,0,0,0,43.212868,39.24719,0,0,50.96321,27.444101,112.03582,90.530045,31.04198,1
0,0,0,0,0,0,0,1.1436111,0,0,1.4471188,0,0,0,0,0,0.641513,0.0720082,0,1.9289585,2.8285785,1.1802126,0.0992314,0,0,1
0,0,63.263752,23.460287,21.21581,0,0,0,0,21.063951,0,38.898422,7.916905,0,0,0,39.82182,49.681118,0,0,48.28818,38.405006,36.714844,0,0,1
0,0,29.824213,49.071156,0,0,0,0,0,0,0,38.4865,0,0,0,0,9.756553,34.22033,0,0,0,0,54.240746,41.776447,48.61137,1
0,6.9444523,10.691681,0,29.127996,0,13.539688,0,0,0,3.0249434,23.80534,0,0,0,0,33.129036,19.802158,0,0,33.67399,54.20849,83.497665,18.105429,6.4624515,1
9.985636,0,124.42326,11.267215,33.429897,0,80.822845,1.5558765,0,0,0,128.96683,0,0,0,0,18.818485,119.92317,0,0,0,67.73635,0,0,105.05816,1
0,0,79.307396,29.960806,0,0,0,0,0,0,0,30.650774,0,0,0,0,38.201298,109.52532,0,0,41.073265,69.85445,42.698017,109.304726,9.894859,1
0,13.351402,0,0,0,0,6.0476174,0,0,0,0,4.4435887,2.343265,0,0,0,4.9533596,30.414198,0,6.510843,12.99576,6.5139766,0,0,0,1
0,0,2.333624,0,0,0,18.657055,9.013281,0,0,0,0,0,0,0,0,62.21833,72.87401,22.39521,0,0,62.83454,80.7868,0.3229047,27.487392,1
0,0,8.860575,10.8457775,0,0,0,0,0,4.8836393,0,11.223623,0,0,0,0,26.742184,45.43096,0,0,32.664337,2.1448,26.176956,39.26287,3.5351753,1
0,0,0.37941954,1.2332137,0.78119296,0,0,0,0,0,0,1.2753394,0,0,0,0.17536432,0.06549662,0,0.3490966,0.64660627,0,0.5603254,0,0,0.62736434,1
0,9.6079035,30.71608,0,7.687416,0,0,0,0,0,0,24.050774,13.639604,0,0,0,37.503433,1.6700824,0,0,0,24.48028,23.71785,0,7.503924,1
0,8.649917,11.65061,0,0,0,0,0,0,0,0,0,0,1.8838288,3.14286,0,6.45733,7.3289413,0,0,18.269562,0,4.283539,6.049359,4.2226496,1
0,27.973396,0,34.937355,0,0,0,0,0,0,0,0,0,0,0,0,12.911351,57.38294,0,0,47.77119,0,0,0,15.425657,1
0,2.216256,0.23160774,0,0,0,0.184428,0,0,1.2936044,1.9621928,0,0,0,0,0,1.3408037,1.0247769,1.2634833,0,4.475998,0,0,1.8695346,0,1
0,0,26.65953,2.6981905,0,0,8.9023,0,0,0,0,25.914907,0,0,0,0,17.645945,37.078438,0,0,16.36428,1.723792,6.560745,25.616377,8.89096,1
15.065099,0,42.909386,24.59416,0,0,0,33.680733,0,44.90072,3.2949476,26.435938,0,0,0,0,18.656002,0,0,0,0,34.530952,7.9011974,19.329754,44.732494,1
0,0,46.6039,76.862305,0,0,0,0,0,55.291744,0,48.091698,0,0,0,0,46.5836,115.73353,0,0,38.42369,32.581886,167.28375,63.59828,38.157696,1
0,28.717558,89.96535,88.77956,0,0,0,0,0,0,54.86854,40.85354,18.416967,0,0,0,10.112126,36.9693,0,0,0,41.388363,55.600235,95.58284,31.96387,1
0,0,12.91995,8.244479,19.028954,0,0,0,0,0,0,0,0,0,0,0,17.346336,41.154564,0,0,0,0,44.25219,41.01401,23.926308,1
0,0,40.731693,17.37911,6.937804,0,1.010297,0,0,5.555774,0,15.074338,12.466467,0,0,0,15.558935,46.00017,0,0,12.686925,35.742744,25.84345,0,0,1
0,9.864918,0,0,4.970849,0,0,0,0,4.5229955,0,19.64383,0,0,0,0,0.09556055,9.228898,0,0,5.623853,0,1.7682506,8.016902,1.4148395,1
0,0,53.82508,0,0,0,0,3.0512893,0,19.53569,0,21.944298,0,0,0,0,0,14.140921,8.040527,0,30.074242,0,89.498375,35.06627,45.824116,1
0,0,147.37209,59.994392,33.711205,0,0,0,0,58.776527,0,134.33679,0,0,0,0,42.43689,0,0,0,0,0,80.495705,65.47734,74.41926,1
0,0,52.521954,0,0,0,0,0,0,0.5835558,7.8245354,12.011143,0,0,0,0,30.280975,43.966755,0,0,41.17967,0.22961847,5.3542614,5.613639,23.568012,1
4.1176147,0,8.061543,0,0.3771875,0,23.808453,9.071881,0,17.917093,0,14.229685,0,0,0,0,26.361185,44.772938,0,0,30.053513,42.49884,20.259935,39.575054,0,1
0,0,32.27262,30.856945,12.59814,0,0,0,0,3.9033866,0,8.024953,0,0,0,0,20.05645,41.2783,0,0,0,32.960854,26.937912,37.48529,14.407524,1
0,0,18.40987,70.6956,0,0,0,0,0,97.77836,6.7853007,28.037582,0,0,0,0,57.5072,81.09422,0,0,16.991823,43.202797,14.919155,30.32192,14.705904,1
0,0,9.530533,0,1.9439865,0,0,9.058334,0,0,0,15.4246855,0,0,0,0,13.136842,40.120903,0,0,29.071493,39.027798,32.18819,28.990213,23.060387,1
0,0,10.178956,0,9.4512205,0,4.129238,21.732992,0,0,0,8.73505,0,0,0,0,9.905249,22.428186,0,0,6.5017195,10.873116,27.36594,13.859143,20.938246,1
0,0,56.08865,0,30.815857,0,0,0,0,36.006874,0,30.617552,0,0,0,0,48.725475,37.7973,0,0,62.642593,0,152.59932,33.574917,0,1
0,0.5780477,0.5046545,0,0,0,0,0,0,0.846998,0,0,0.6351147,0,0,0,0,0.8627864,0,0,0.70200115,0,0.39444718,1.101261,0.096456826,1
0,0,6.919618,0,1.182542,0,0,0,0,4.856322,0,11.044957,0,0,0,0,0,18.842497,2.5376253,0,9.754385,0.062362358,10.678605,0.9145182,0,1
0,0,14.54163,48.21357,0,0,6.1203833,0,0,29.88676,0,9.452451,0,0,0,0,0.5602584,31.671522,0,0,34.05005,2.1772418,29.617868,27.386734,42.058773,1
0,0,1.7187033,0.003206397,0,0,0,0.26933655,0,0.25023705,0,0.7431533,0,0,0.22819686,0,0.43100548,0.54195416,0,0,0.08048666,0.6227979,0.001638964,0.13924104,0,1
0,3.0593584,0,0,0,0,0,5.5738273,0,0,0,6.0650864,0,0,0,0,25.883226,82.67661,0,0,46.179768,0,0,22.630896,0,1
8.190855,0,76.3337,62.292744,27.0651,0,0,0,0,63.06293,0,61.560825,0,0,0,0,34.215954,27.086529,0,0,0,35.120514,76.30036,48.33648,0,1
11.586503,0,15.878913,16.332659,8.455686,0,0,27.86533,0,73.16288,0,0,0,0,0,0,0,14.802228,0,0,37.45245,66.75288,37.674683,107.28378,41.044884,1
0,0,87.43903,0,15.54974,0,0,0,0,0,0,22.059555,0,0,0,0,94.57748,80.62435,0,0,0,0,62.833023,11.662879,21.074162,1
0,9.769549,12.286799,0,0,0,0,0,0,5.5086646,0,0,41.81675,0,0,0,160.83733,107.51249,14.534044,0,88.591675,62.752262,53.672405,10.703167,27.900831,1
0,7.997602,5.166954,0,0,0,0,4.2060986,0,0,0,0,0,2.857755,0,0,1.0381378,41.251915,0,0,4.3697324,0,5.038498,12.949848,0.5620163,1
0,21.18763,14.747523,0,1.3531622,0,0,12.521777,0,0,0,7.156545,0,0,0,0,15.129346,48.47098,0,0,0,40.381676,24.644613,39.258095,7.702267,1
11.99424,0,78.95066,53.439415,107.81551,0,0,0,0,0,0,49.80621,0,0,0,0,30.744755,20.081686,0,46.68659,0,110.84824,7.314657,28.15729,22.330397,1
0,57.37663,0,0,15.437886,0,0,0,0,0,0.1693487,62.645386,0,0,0,0,37.432285,17.594866,0,0,65.81368,24.995283,0,42.93782,0,1
0,0,12.067064,7.0811663,0,0,0,0,0,0,0,1.1742359,0,0,0,0,17.342834,37.78229,0,0,17.558615,4.664919,17.356575,11.531673,0,1
0,23.029974,31.276228,0,0,0,0,0,0,0,12.345489,0,0,0,0,0,15.466724,43.111305,0,0,8.948443,0,33.42085,16.24846,23.210228,1
0,5.3285766,0,0,0,0,0,0,0,0,0,4.303071,0,0,0,0,5.1456323,7.5325975,0,0,2.1792185,0,1.0775088,1.127684,1.3047897,1
0,0,0,17.543005,0,0,0,0,0,120.415504,3.3280354,56.974525,0,0,0,0,95.80269,0,7.935332,0,0,54.110695,37.17491,102.022255,69.86204,1
0,0,35.27293,45.987953,0,0,0,7.8950973,0,0,0,0,0,0,0,0,9.327652,50.189728,0,0,32.96713,24.755999,19.024237,87.86377,27.68299,1
0,0,0,64.586945,0,0,0,0,0,0,0,24.716381,0,0,0,0,13.496175,56.839367,0,0,28.132202,53.49012,173.59201,136.52417,0,1
0,2.021844,0,0,1.3017467,0,0,0,0,0,0,0,1.1970301,0,0,0,7.736906,1.3711044,0,0,6.0105615,7.206803,9.785074,8.803498,1.1402425,1
0,0,25.381912,7.604499,11.432084,0,0,0,0,31.94444,0,7.733227,0,0,24.548237,0,0,38.12419,0,0,49.967175,6.346987,27.35636,5.601519,3.5908802,1
0,0,25.735394,0,0,0,0,6.495871,0,26.496077,0,19.569014,0,0,0,0,83.510956,90.70993,0,0,77.29088,9.763887,32.56444,59.494938,0,1
0,4.3676696,0,21.135147,0,0,0,0,0,0,0,0,0,0,0,0,24.578209,42.48314,0,0,19.93973,15.744603,16.953087,4.7857914,0,1
0,0,103.5308,115.7572,6.2065015,0,0,0,0,0,0,152.38797,0,0,0,0,0,338.97037,0,0,33.166374,69.26715,122.38597,7.5533943,0,1
0,0,20.636637,43.05369,0,0,0,0,0,0,0,44.031948,0,0,0,0,0,112.40535,0,0,56.373337,0,36.1293,22.09049,0,1
0,0,90.559326,0,99.43006,0,0,0,0,0,0,21.079638,12.240352,0,0,0,105.25024,92.60696,0,26.910845,10.235597,77.69199,107.52796,51.557426,28.867556,1
0,0,200.89091,91.42247,0,0,0,0,0,0,0,37.6813,0,0,0,0,61.673637,206.03577,0,0,87.34999,69.95428,73.74523,131.207,46.264652,1
0,0,4.2361593,12.113253,4.2131577,0,0,0,0,0,0,0,0,0,0,0,31.583595,47.4009,0,0,0,16.511118,107.296906,30.264723,69.21425,1
0,0,0,17.701485,2.2050064,0,0,0,0,0,1.0649412,8.210945,0,0,0,0,6.439376,20.627075,0,2.8950732,17.28123,6.531396,2.9783945,13.610714,5.5178175,1
20.711191,0,12.090258,6.055446,0,0,0,14.906708,0,6.036852,10.544251,16.103783,0,0,0,16.813723,32.29416,22.052855,0,7.011228,0,39.80772,29.437365,33.646828,39.322716,1
0,0,31.581097,28.762186,4.9339833,0,0,1.6445291,0,23.27964,11.667674,0,0,0,0,0,22.409729,67.884346,0,2.1502988,39.656933,32.397903,0,20.476727,56.69396,1
5.036921,0,0,0,0,0,0,0,0,13.034006,5.056096,0,0,0,0,0,0,0,0,0,4.147273,0,24.873907,27.42161,0,1
0,0,64.725655,79.58668,42.60738,0,0,0,0,0,0,0,0,0,0,0,59.22533,73.561905,0,53.154083,86.690544,50.901344,56.77063,38.29619,44.55362,1
0,0,0,1.272125,0,0,0,0.1887587,0,6.7717295,0,0,0,0,0,0,0,6.251473,0,0,3.0338397,0,0.082819276,0.5640104,3.6152048,1
0,6.4790897,30.641087,0,0,0,0,13.354325,0,0,0,0,0,0,0,0,63.860367,71.76855,0,0,32.630527,33.14083,50.7666,93.046844,28.881584,1
0,0,51.63934,78.00866,0,0,0,13.946075,0,0,0,0,0,0,0,0,0,16.887403,0,0,15.097273,0,9.792927,32.090816,48.752117,1
0,0,55.229965,36.398285,0,0,0,11.438425,0,24.348207,0,7.5996723,0,0,0,0,29.421104,25.543505,0,6.5038943,29.770119,58.41435,7.720169,78.15563,18.125677,1
0,0,24.86986,0,12.560257,0,0,0,0,39.529495,0,2.835378,0,0,0,0,8.648199,78.26311,0,0,35.87269,7.3669033,42.91248,44.056946,39.22247,1
0,7.7460003,17.264805,6.084185,5.392236,0,0,9.830131,0,18.381851,0,0,0,0,0,0,28.152586,13.364758,0,0,34.381264,20.905544,9.177092,36.767475,29.38451,1
0,0,41.667027,0,44.01439,0,0,0,0,0,0.06314896,36.162926,26.152565,0,0,0,0,26.997108,0,0,0,22.122068,67.98039,0,10.279021,1
0,0,0,12.066254,0,0,0,0,0,27.541168,0,19.66129,0,0,0,0,12.7055235,21.41982,0,0,22.089447,1.6675693,43.751038,17.310242,0,1
0,3.771147,21.079866,18.004223,19.748392,0,0,0,0,0,13.141373,20.669914,0,0,0,0,41.374195,21.17875,0,0,27.171469,9.710128,15.367236,30.166204,15.141365,1
0,0.73997027,30.610996,13.777405,34.475815,0,0,0,0,17.021011,0,14.173607,0.15898803,0,0,0,4.635138,50.976646,0,0,0,11.958806,21.558884,7.1431913,4.4141498,1
0.29044536,0,27.318274,6.3653045,38.19275,0,0,0,0,0,0,22.180397,0,0,0,0,0,17.072641,3.6315286,0,0,4.2338605,9.204541,0,6.7867017,1
16.98471,0,30.24807,0,34.956978,0,25.242058,9.912294,16.3457,0,0,45.42371,0,0,0,0,26.51737,167.0239,0,0,42.90235,81.51327,42.292923,42.43061,38.98911,1
0,0,15.611219,21.43972,0.073711365,0,0,0,0,5.5879455,0,7.372718,0,0,0,0,4.7765894,13.014872,0,0,18.57479,21.60087,28.43947,27.617708,20.46913,1
0,1.5544144,10.513321,0,6.176407,0,0,0,0,0,0,10.800517,3.018294,0,0,0,0,6.031275,0,0,9.190928,11.326427,5.536125,19.258818,3.3863094,1
0,0,12.6438,20.05283,0,0,0,9.405421,0,4.0100293,0,6.3513,0,0,0,0,0,0,0,7.9648566,1.801533,11.821735,8.163705,17.931168,8.863104,1
0,0,16.320797,8.9446945,0,0,0,0,0,0,0,0,3.270779,0,0,0,0,12.50911,0.89037067,0,71.85868,0,33.476814,25.40687,24.832644,1
0,0,15.205058,0,0,0,0,0,0,30.806894,0,39.77194,0,0,0,0,13.861634,83.02579,0,0,23.985249,51.453114,0,45.983414,36.322433,1
0.35076424,0,16.953785,22.38221,0,0,0,3.978412,0,20.29257,15.1162615,37.778477,0,0,0,0,49.9532,100.311066,0,2.1211743,30.431301,64.276474,0.5384661,76.28508,6.123572,1
0,0,5.61173,0,0,0,0,0,0,5.480967,0,24.137327,0,0,0,0,0,24.742697,0,0,21.102367,39.239594,23.756355,85.29935,17.18331,1
0,0,13.695877,22.840002,23.181698,0,0,0,0,15.858566,0,16.86729,0,0,2.1137195,0,12.403729,16.931215,0,0,2.5738435,6.5846424,24.96802,22.823402,12.746037,1
0,49.225365,0,0,0,0,0,0,0,0,0,0,28.073359,0,0,0,0,122.96767,0,0,108.13268,28.059214,32.891754,0,0,1
0,0,24.21698,2.879392,16.138554,0,0,0,0,19.839506,6.5341997,14.651304,1.053143,0,0,0,20.183966,28.23267,0,5.5253797,15.513592,1.3045653,9.058677,4.1641116,15.704535,1
2.6658707,0,76.88813,23.157167,49.711666,0,0,0,0,0,0,0,0,0,0,0,45.964092,134.57143,0,0,48.297447,0,0,28.00598,42.689743,0
10.223593,0,0,2.3200219,18.777748,0,0,0,0,0.593742,0,0,0,0,1.928393,0,33.099964,26.876234,0,0,0,8.853759,8.18664,17.473848,18.798891,0
0,0,3.3963628,0,0,0,0.7597809,6.647653,0,0,0,0,4.023001,0.35462475,0,0,12.25411,8.5490265,0,0,7.982837,4.134783,1.1433157,0,0.22691278,0
0,0,36.93052,24.427526,20.598915,0,0,0,0,0,0,21.324425,0,0,0,0,26.573753,26.085455,0,0,0,26.048666,39.56836,49.054268,34.38684,0
0,0,77.70875,34.153625,27.164742,0,0,0,0,13.202511,0,43.65017,0,8.997545,0,0,26.878979,67.51144,0,0,0.54272264,14.524623,21.464321,2.0766525,17.685045,0
0,0.085357286,0,0,0,0,0,0.65940243,0,0,1.0390263,0,1.2036219,0.3271179,2.4613204,0,1.8561776,0.7079404,0.699944,0,0.2914702,0,0,0,0,0
0,0.71572644,0.35596547,0,0,0,0,0,0,0.16128978,0,0,0.4291429,1.1888099,0,0,0,0.18754098,1.1845367,0,0.6220364,1.0867236,0,0.26419055,0,0
0,0,45.97121,19.704176,22.10839,0,0,0,0,32.06285,0,31.676964,0,0,0,0,10.141548,0,4.3285055,0,0,29.748365,33.93592,32.338596,38.143036,0
0,0.27283055,2.1347718,0,0,0,0.15759781,0,0,0,0,5.678699,0,0,0,0,0,11.579615,0,0,0,0.2523386,7.4380407,1.304813,10.08816,0
0.17892817,0,3.744029,0.54043233,0,0,1.5010794,0,2.2159326,7.2801147,0,0.08224629,0,0,0,0,7.943524,8.126184,0,0,6.5057054,7.922227,13.277667,16.996914,7.616764,0
0,0,18.571444,5.5346885,26.48645,0,0,0,0,3.673555,13.813489,0.7921375,0,0,0,0,54.25047,50.72478,0,0,41.168686,32.685192,32.39594,26.581348,0,0
24.21782,0,70.46083,38.9223,0,0,0,0,0,0,0,0,0,0,0,0,4.481918,0,0,0,9.452667,0,30.21483,45.59541,65.617714,0
0,0,10.814783,3.044886,0,0,0,0,0,0,0,0,0,0,0,0,13.14642,10.51344,0,0,4.500056,0,16.536875,0,0,0
0,0,0,5.1765265,0,0,0,0,0,0,0,0,0,0,0,0,17.349018,55.67103,0,0,10.861269,37.0418,45.39867,69.44533,46.739742,0
0,61.863758,250.93547,149.50523,0,0,0,0,31.113878,23.20481,0,0,0,0,0,0,0,0,0,0,129.76614,64.383896,147.34058,72.3021,74.08738,0
0,0,20.48373,39.933403,0,0,0,2.873521,0,18.761473,0,75.05346,0,0,0,0,0,62.130127,0,0,59.569275,37.617676,46.02702,86.62922,52.54413,0
0,0,1.641928,0,0,0,0,0.003403902,0,0,0.38586873,0,0,0,0,0,1.0215983,1.8705193,0,0,2.0763605,0.39435416,0,0.79261553,0.3125921,0
0,0,14.260661,0,0,0,0,8.720336,0,0,0,0,0,0,0,0,30.859348,32.943874,0,0,0,0,14.966314,8.985904,8.995499,0
5.79548,0,25.574911,0,0,0,0,0,0,0,0,0,0,0,0,0,46.569378,62.02816,0,0,43.436287,0,74.17416,63.234097,0,0
0,0,0,0,74.101746,0,48.83762,0,0,69.76351,0,18.203335,0,0,0,0,181.21616,117.58795,0,0,0,21.528711,169.00005,122.991936,11.706282,0
0,0,43.525063,35.621872,48.975163,0,0,29.32412,0,0,0,62.29498,0,0,0,0,38.052692,67.60813,0,32.190758,0,31.150724,27.961233,10.772042,14.294392,0
0,0,24.397625,25.597832,41.695496,0,0,0,0,64.058365,0,65.20618,0,0,0,0,0,0,0,0,0,13.47382,51.96299,48.515694,22.931227,0
0,0,7.541061,0,0,0,0,0,0,4.044404,0,0,0,0,0,0,62.291912,108.39902,0,0,72.165306,68.49513,197.65593,84.655205,74.13616,0
0.017743021,0,5.047359,0,0,0,5.545082,0,0,0,2.9746253,0,0,6.9594407,0,0,2.110386,0.5108564,0,0,1.4553057,0,3.2336688,6.970101,0,0
0,0,224.12695,0,0,0,0,0,0,88.23569,0,51.86814,49.836548,0,0,0,0,0,17.627495,0,81.30402,20.084745,105.35966,64.18195,173.97224,0
0,0,50.458057,0,23.066753,0,0,0,0,2.8889728,4.488006,75.04722,0,0,0,0,53.807747,47.844925,0,0,51.018326,33.480988,10.023212,25.333597,0,0
0,0,70.86746,40.878517,19.872805,0,6.0788674,0,0,0,0,4.6660585,0,0,0,0,19.85913,36.78997,0,0,0.9846868,14.560743,58.205063,34.2803,39.936916,0
0,0,130.54158,136.76604,29.729969,0,0,52.84226,0,0,0,31.525673,0,0,0,0,123.190346,47.810955,0,0,32.08075,24.501877,18.11752,171.70326,157.90031,0
0,0,18.04874,0,20.22795,0,0,0,0,0,0,28.595047,0,0,9.006202,0,44.203293,38.875896,0,0,0,0,31.374365,0,0,0
0,8.256132,15.304123,0,21.940449,0,0,0,0,0,0,16.620123,0,0,0,0,90.281166,117.9682,0,91.54886,70.348335,187.3283,19.857069,157.09366,175.87962,0
0,0,9.753497,0,0,0,3.0173955,0,0,13.667114,0,11.438554,0,3.5686734,0,0,12.806554,4.3060036,0,0,0.18208352,5.4718866,17.39726,5.891115,0,0
0,0,32.520424,19.747028,0,0,0,0,0,0,5.79692,0.19363557,0,0,0,0,17.619091,32.268436,0,0,0,10.55003,4.1184025,0,12.789301,0
0,0,0,0,0,0,0,0,0,75.86433,0,0,0,14.831735,0,0,26.478796,0,4.258259,0,75.17126,0,136.74323,18.413727,0,0
0,0,44.294437,6.6883388,0,0,0,0,0,0,0,20.773375,21.90726,3.2367713,0,0,43.97798,81.61067,0,0,0,0,70.1688,7.349663,48.57154,0
0,7.4805098,0.028490335,2.6174614,0,0,0,0,0,0,0,0,0,0,0,0,0,0,0,0,0.5603699,5.2173285,38.264713,28.038925,32.62202,0
0,0,25.531391,4.1824994,0,0,0,0,0,62.52784,0,0,8.444377,22.867903,0.5554484,0,25.941694,30.604021,7.673162,0,32.01147,28.931099,38.049274,61.369614,0,0
0,0,15.021868,0.55617607,3.6404765,0,3.6389585,0,0,18.21893,0,14.157925,3.2121356,0,0,0,3.171332,12.391327,0,0,0,10.236638,14.379885,2.3176987,0,0
3.8233514,0,25.937973,15.134544,0,0,0,0,0,0,0,25.03395,0,0,0,0,18.703789,31.054438,0,0,13.604434,0,101.73952,12.044598,16.767233,0
24.922447,0,54.91418,0,0,0,0,0,0,0,0,0,0,0,0,0,62.476543,60.15622,0,0,0,35.65743,0,32.38209,39.052692,0
2.6263537,0,7.2688417,0,0,0,0,0,0,0,0,3.0062096,0,0,0,0,35.636383,8.45255,0,0,0,22.509016,63.87297,18.932934,23.434887,0
0,0,21.057646,32.080505,0,0,0,35.72211,0,0,13.270106,0,0,0,0,0,6.832931,35.00181,0,0,28.402649,57.461597,30.961422,16.621262,2.354085,0
0,0,40.089706,0,0,0,0,129.09618,0,0,0.44780874,67.17182,0,0,0,0,91.49102,132.81795,0,0,22.16202,101.12654,35.002945,4.167716,0,0
15.111056,0,5.168272,4.0603623,0,0,0,0,0,0,0,0,0,0,0,0,17.814663,25.477507,0,0,13.899962,0,37.394016,3.0506828,0,0
0,0,33.85766,19.839579,9.5432205,0,0.031095885,0,0,0.5653869,0,14.878998,0,0,0,0,24.14476,65.18168,0,0,21.609211,21.076187,0,4.8945336,21.196606,0
0,0,14.852389,31.151903,10.967717,0,0,0,0,0,0,8.905647,0,0,0,0,0,29.425776,0,0,37.429153,0,26.456146,29.228493,12.699276,0
0,21.15484,0,0,0,0,0,4.3357167,0,58.301147,0,17.40464,0,0,0,0,146.5348,162.31154,0,0,61.96697,60.17507,81.494354,13.740526,36.34864,0
0,0,30.85582,14.576963,2.3842833,0,0,0,0,18.899105,0,9.076994,0,0,0,0,3.6839943,13.727818,0,0,7.018592,13.037792,30.19539,24.733871,10.177115,0
6.1623707,0,5.8919945,9.510418,39.404575,0,10.406157,0,0,0,0,0.17865454,0,0,0,0,40.42242,53.4061,0,0,0,44.28956,29.836266,11.131499,9.977411,0
0,0,41.104504,0,0,0,0,0,0,4.254537,0,0,0.63141584,0,0,0,16.867313,48.681652,0,0,4.258736,0,43.442886,3.0412748,7.3800416,0
0,0,2.357598,19.486092,0,0,0,0,4.6399827,0,0,0,0,0,0,0,23.149948,53.580303,0,0,0,0,4.8526874,6.854982,36.24779,0
0,0,0,0,0,0,0,0,12.2328415,0,0,0,0,0,0,0,7.859445,35.775406,0,0,32.37766,0,46.096493,0,16.006145,0
0,0,15.2529955,2.6564496,0.17573458,0,0,0,0,10.086412,7.5150027,9.413469,0,0,0,0,5.7465405,7.708232,0,0,13.005861,0,0,14.94389,13.593223,0
0,0,39.318764,0,80.52144,0,0,0,0,0,0,37.552437,0,0,0,0,72.02454,83.088844,0,0,52.803318,102.84754,22.42312,64.40885,44.07672,0
0,0,155.74588,140.83836,157.9736,0,0,0,0,9.401153,0,134.89148,0,0,0,0,46.182873,162.65132,0,0,113.43748,77.255035,62.29076,75.745575,64.20126,0
0,0,57.990166,18.782063,14.080636,0,0,0,2.9679024,9.229063,0,6.5665855,0,0,0,0,44.767815,18.577852,0.14145166,0,20.106657,0,44.151352,14.625908,13.386396,0
13.008691,8.319592,25.169874,12.424339,24.589771,0,0,0,0,0.90974104,0,2.75728,18.03959,0,0,0,15.325826,69.67449,0,15.190309,13.034091,35.965122,29.96681,12.348897,47.595303,0
0,20.535387,35.07654,0,9.53105,0,0,0,0,0,0,4.3280764,0.97673047,9.639995,0,0,40.375008,48.69458,0,0,0,27.000755,0,0,7.6223626,0
0,7.0352,10.547771,0,0,0,0,0,0,12.019858,12.608507,8.709992,1.9171228,15.218833,0,0,21.073776,0,0,8.040396,7.4160657,0,0,0,0,0
0.9398606,0,16.232069,5.1460285,2.261495,0,0,0,0,0,0,0,0,0,0,0,9.842116,13.865669,0,0,10.23256,2.9550328,6.721017,18.020994,7.229555,0
0,0,0,0,0,0,0,0,0,0,0,0,0,0,0,0,1.0098721,97.525055,0,0,98.18352,15.051943,11.504822,0,10.090001,0
0,0,0,1.3675047,6.807765,0,0,0,0,4.500713,0,14.024368,0,0,0,0,14.601554,11.684178,0,0,9.942317,30.837328,0.04441344,18.664663,8.329857,0
2.9216866,0,56.28206,54.26864,11.038149,0,0,0,0,2.485004,16.951134,6.251688,0,0,1.6822189,0,13.409036,36.184742,0,0,17.592632,13.88634,0,46.641636,38.291744,0
0,19.585241,182.59721,107.02636,66.005585,0,0,0,0,0,0,209.90594,0,0,0,0,294.7252,439.44507,0,0,9.077538,202.42213,50.425682,99.923805,74.466644,0
82.12344,0,32.89875,0,54.112934,0,0,0,0,208.287,35.4229,0,0,0,0,0,108.6754,176.41179,0,0,88.69214,84.77876,24.618565,106.06722,79.355,0
0,0,0,0,0,0,0,0,0,0,24.74334,0,0,0,0,0,232.81557,135.99138,0,0,226.75464,27.009638,127.842735,0,99.19927,0
0,0,0,0,0,0,0,3.9403503,0,0,3.5766876,0,0,0,0,0,0,7.8530717,0,0,8.041962,26.89034,23.828396,10.855132,20.80156,0
21.363274,0,2.680287,9.285931,0,0,0,0,0,8.483321,0,5.253639,0,0,0,0,10.247863,59.297066,0,0,0,21.768103,26.432241,0,60.64285,0
0,0,42.02467,0,0,0,0,0,0,38.013596,0,6.0427322,0,0,0,0,60.517662,50.568436,0,0,73.72019,14.526181,46.933212,27.756617,20.512983,0
0,0,25.755577,0,11.235761,0,0,8.557586,0,2.976283,0,3.9412484,12.588661,5.8563414,0,0,47.669743,16.012787,16.232784,0,0,0,43.70642,9.073745,0,0
0,5.035099,11.694831,5.74716,0,0,0,0,0,5.805562,6.8685684,0,0,9.179347,0,0,7.5472293,41.85285,0,0,17.382391,4.2579513,23.994799,0,0,0
0,0,24.508268,0.99033225,0,0,0,2.2942252,0,0,0,9.153684,0,0,0,0,0,20.521822,0,20.950537,12.093739,24.584784,0,36.035686,5.6870046,0
0,0,8.646327,20.634348,40.85463,0,0,0,0,0,0,0,0,0,0,0,109.54274,10.241195,0,15.415159,48.18015,0,84.89276,43.173584,0,0
0,0,35.33001,0,23.027685,0,2.828125,0,0,3.0230217,0,0,0,0,0,0,54.089626,44.351112,0,0,30.533964,23.736937,0,10.02668,1.1082973,0
0,0,0,1.9236976,0,0,1.1698977,0,0,31.795612,0,0,0,0,0,0,21.38775,22.017897,5.0264297,0,45.888447,23.90318,19.908945,43.191177,5.561385,0
0,0,25.111298,6.3529,10.7241745,0,0,0,0,0,0,0,0,0,0,0,12.923583,12.405723,20.89057,0,17.436209,8.198931,37.435036,60.430447,4.611956,0
0,0,0.027141675,0,0.9285627,0,2.5652845,0,0,0,2.262903,1.2597319,3.2106738,4.998244,0,0,2.0320013,0,0,0.49958467,5.9072323,0,9.336079,1.0191394,0,0
0,0,35.254753,0,0,0,0,0,12.793038,4.420905,0,0,15.827033,0,0,0,11.9801035,9.819956,0,0,46.987885,0,10.529561,0,5.442336,0
0,35.593105,17.43301,0,0,0,0,0,0,0,0,0,23.487438,0,0,0,2.6048121,52.633255,0,0,49.29472,37.684,40.327965,26.353392,0,0
0,17.662569,0,0,0,0,0,0,0,0,0,16.521221,0,0,50.291786,0,0,24.833626,0,0,57.36109,0,23.974897,31.041958,0,0
0,0,72.702866,0,0,0,9.967947,0.5585005,0,0,0,0,25.00673,0,0,0,37.55496,56.229145,0,0,40.601913,0,17.92019,0,0,0
0,0,13.568243,0,0,0,31.497744,9.14857,0,3.492003,0,0,18.12673,0,0,0,4.4361606,46.13761,0,0,54.09174,21.588291,49.6231,5.4992847,0,0
0,3.3128145,3.5827916,1.7432672,0,0,0.061163805,0,0,0,0.8253486,0,0,0,3.921414,0,3.9067898,15.155937,0,0,15.376228,0,0,5.818162,0,0
0,0,16.00335,0,0,0,4.2691226,4.933308,0,0,1.0249963,0,0.044144914,0,0,0,14.301866,18.722263,0,0,30.628946,12.639423,17.938665,2.1153924,14.924078,0
0,2.9870355,0,0,0,0,0,0,0,0,0,2.566159,0,0,0,0,27.683395,15.341512,0,0,18.405941,0,20.247076,0,0,0
0,0,0.039939046,0,0,0,0,0,0,0.73540664,0,0,0,0,0,0,1.7678375,3.098663,0,0,4.007576,0,4.998724,1.2781507,1.3186035,0
16.555843,0,14.361943,5.070509,0,0,0,0,0,0,0,0,0,0,0,0,59.10223,88.76408,0,0,4.927194,47.381657,13.530785,52.84099,15.045418,0
0,0,13.574181,0,17.551098,0,0,0,0,0,1.6516447,4.4835014,0,0,0,0,18.511765,8.6640835,0,0,18.35849,0,44.884945,0,0,0
0,0,25.139328,46.64848,23.029308,0,0,0,0,25.688921,0,14.590518,0,0,0,0,10.483415,78.95795,0,0,0,25.562021,5.001602,28.221022,15.123874,0
0,0,3.8052578,0.84845436,3.7878664,0,0.327552,0,0,0,0,0,0,0,0,0,6.170263,15.563807,0,0,5.9607453,4.142427,16.823532,5.773375,3.770165,0
0,0,61.020172,26.73793,0,0,0,0,0,8.011939,0,4.9484425,0,0,0,0,21.475674,27.240051,0,0,32.579338,8.408298,46.689957,67.07639,17.880514,0
0,0,17.747307,21.272657,5.1777706,0,0,0,0,32.558548,0,0,0,0,0,0,18.154125,15.905563,0,0,17.55782,2.1130612,6.5571365,14.769314,0,0
4.753195,0,13.266087,0,19.457623,0,0,12.496249,0,6.397013,0,13.390511,0,0,0,0,2.3767357,13.814062,0,0,0,27.506489,11.159551,1.6999552,53.587994,0
0,0.47330114,0.40927038,0,0,0,0,0.6302341,0,0.21890187,0.32213822,0.12231301,0.23046614,0.35936177,0,0,0.403427,0.6487027,0.043617904,0,0.86677474,0.8658833,0,0.3373369,0,0
2.027751,0,5.536475,12.900473,10.914204,0,0,0,0,9.061358,0,0,0,0,0,0,12.996252,13.260003,0,0,0,9.327505,39.610065,10.285323,10.369896,0
0,0,2.502098,2.4619071,0,0,0.66160834,0,0,4.0465364,0,0,3.1159592,0,0,0,3.24973,5.585452,0,0,0,5.9752316,9.504643,0.0329572,0,0
0,0,0.9071644,0,0,0,0,0.8969345,0,2.0471559,1.234669,0,1.9989893,0.74683845,0.0856425,0,0,0,2.5808384,0.7520777,0,0,0,0,0,0
0,0,5.0426683,1.0650845,0,0,0,0,0,0,0,0,0,0,0,0,7.130253,0,0.28448182,0,2.2044475,1.7292384,0.2983455,7.1700497,0.48558456,0
0.8148538,0,0,0,0,0,0,0.42846787,0,0,0,0.9263097,0,0,0,0,0,1.8341656,0,0,1.0472279,0.2936275,0,0,0.8641218,0
0,0,0,26.81329,0,0,0,0,0,58.88593,0,30.273226,0,0,0,0,18.04351,41.59164,0,0,18.742264,1.0852622,11.705726,22.29673,0,0
0,0,25.843378,0,20.185026,0,0,7.9989133,0,0,0,0,0,0,0,0,47.10934,53.153553,0,0,23.217121,39.128944,51.507656,78.18969,49.868,0
0,0.15016696,11.884788,2.3176239,7.302498,0,6.5957637,1.3360541,0,0,0,2.3393512,0,0,0,0,0,20.538729,0,0,14.77392,3.6043658,2.074181,8.7002125,5.4034724,0
0,0,7.173071,4.022448,0,0,0,0,0,0.37224782,0,6.804719,0,0,0,0,5.1918254,11.795757,0,0,5.353191,9.152729,9.269732,19.6671,7.11292,0
0,0,0.8479884,0,0,0.1657943,0.10585673,0.07712999,0,0,0,0,0.6446594,0.99713564,0,0,0,0.017573947,0.9990737,0,2.0040514,0.59112114,0,1.6820209,0,0
0,0,43.19756,0,0,0,0.32064238,0,0,20.243807,0,23.241192,0,0,0,0,15.0127,104.68472,0,0,49.937798,26.97294,28.216944,45.05347,0,0
0.8141111,1.2063191,0,0,0,0,0,0,0,0,0,1.2713423,0,0,0,0,3.1173706,0.29037493,0,0,2.1221724,3.4883652,6.2584295,0.7422042,2.1014445,0
0,0,19.687038,0,15.810264,0,0,0,0,0,0,0,0,0,0,0,21.246342,13.747372,0,0,27.840776,0.8488712,42.17925,14.190314,26.11868,0
0,0,84.35257,18.24202,0,0,0,0,0,42.347313,0,21.511452,0,0,0,0,11.722482,14.430454,0,0,24.843878,15.330868,29.592323,32.99868,20.115469,0
15.804049,0,59.79663,0,41.255985,0,0,2.7823246,0,0,0,5.183768,0,0,0,0,59.433407,15.376204,3.4310517,0,0,26.030527,118.16995,6.658963,25.677176,0
0,18.939383,0.27892327,44.986187,1.407859,0,0,0,0,29.58842,3.1571465,51.74432,0,0,27.07989,0,106.57992,159.1916,0,0,8.254534,8.088482,151.144,0,0,0
0,0,28.75811,27.43675,27.194311,0,2.8676205,9.170956,0,0,0,35.97622,0,0,0,0,17.225924,47.782616,0,0,0,34.682377,7.99473,10.148232,19.23526,0
4.5661817,4.1661487,0,0,8.171999,0,0,0,0,0,0.603349,1.9669298,0,1.6933221,0.6201192,0,14.597588,28.875048,0,0,9.5701065,0,25.906628,0,0,0
0,0,29.508968,21.756632,0,0,7.7878275,0,0,48.544785,0,72.370056,0,0,0,0,19.913246,84.81284,0,0,34.155167,51.624744,0,86.819565,9.87758,0
24.499126,0,62.150707,5.375442,0,0,1.8314847,0,0,0,3.9920979,38.15192,0,0,0,0,0,66.35908,0,0,19.624182,26.97735,23.248875,2.12103,19.989098,0
0,0,0,0,0,0,1.400027,1.9911299,0,0,0,0,0.51799715,0,0,0,3.1606965,2.1169171,0,0,1.3836669,0,5.3405023,0,0,0
0,0,37.80603,53.628777,0,0,0,0,0,0,0,1.5533916,0,0,0,0,32.41979,45.22753,0,0,23.798073,0,17.434761,23.21543,0,0
0,0,60.22447,0,37.03712,0,25.260313,44.831585,0,0,0,26.62495,0,0,0,0,42.977005,58.5324,0,0,31.811424,13.967233,78.007904,15.564333,0,0
0,0,14.839262,0,0.92786866,0,0,0,0,2.1567345,0,0,0,0,0,0,9.129382,11.318884,0,0,3.5692673,0.09952526,19.731447,0,0,0
0,0,50.32785,42.07624,16.234032,0,0,0,0,0,0,52.362835,0,0,0,0,30.726963,77.007706,0,0,18.599022,0,36.19631,35.230526,7.215938,0
0,2.3735063,20.242382,0,0,0,0,0.55241776,0,0.23038065,0,4.838732,0,0,0,0,2.1490846,14.425563,0,0,5.2357984,12.461487,16.80747,11.647195,0,0
1.9930863,0,4.8654385,13.62311,0,0,3.129092,0,0,0,0,2.2037423,0,0,0,0,0.741084,24.222513,0,0,0,2.662676,14.909546,3.740638,3.5395558,0
0,0,0,0,0,0,0,0,0,9.221908,0,14.862663,0,0,0,0,11.436598,0.9572725,0,0,2.5596807,7.2240176,26.515846,7.1688128,3.4785938,0
0,7.7962317,0,8.461092,4.3623643,0,0,0,0,7.8731713,0,4.593584,2.0779803,0,0,0,3.4069853,7.142823,0,0,0,0,12.223061,8.902462,5.9082284,0
0,0.93471533,0,0.84902865,0,0,0,0,0,1.5954174,0.31803578,1.2820202,0,0,0,0,0,1.0404414,0,0,0.46092978,0.7921071,0,0,0,0
0,0,57.089626,77.133575,47.9074,0,0,0,0,59.62819,0,0,0,0,0,0,9.904514,35.969208,0,0,42.823776,32.10485,71.89595,67.66532,49.141724,0
0,0,4.4520526,0,0,0,0,0,0,0,0,0,0,0,0,0,24.399178,11.308402,0,0,12.309112,0,21.578157,9.296278,0,0
0,10.355119,14.301112,0,51.643177,0,27.863964,30.315536,0,0,0,88.20396,0,0,0,0,24.702543,140.52267,0,0,64.1868,67.88086,66.69181,20.7104,0,0
0,0,98.484215,0,183.92973,0,0,0,0,0,0,51.839314,0,0,0,0,17.610977,41.88528,0,0,0,72.22571,43.894894,37.134365,143.275,0
0,0,0,7.824457,0,0,0,0,0,24.58125,3.6703088,22.733515,0,4.5441327,0,0,21.068432,31.723677,0,0,3.1506972,0,22.181353,29.30061,0,0
0,0,57.15486,15.431229,0,0,0,0,0,18.530174,0,0,0,0,0,0,36.543842,47.19627,0,0,13.815767,13.647797,78.54303,24.066711,1.9743959,0
0,0,86.13896,33.624847,16.613445,0,0,0,0,45.20133,0,17.720879,0,0,0,0,113.18615,97.864174,0,0,58.45332,103.203384,23.776033,16.794237,67.93518,0
0,0,14.267735,88.02859,0,0,0,0,0,31.11537,0,0,0,0,0,0,34.025677,0,0,0,73.292206,0,37.65951,70.14218,51.41275,0
0,0,62.52299,0,0,0,11.978452,0,0,67.6165,0,2.4534996,0,0,0,0,46.04834,26.842741,0,0,0,16.472876,132.68947,53.969727,0,0
0,9.434692,20.36614,14.24968,0,0,7.7375126,14.938834,0,42.36654,0,25.441805,3.8764157,0,0,0,31.677984,21.881243,0,12.234358,28.901371,35.59479,33.531815,24.6566,8.849524,0
0,8.773132,34.074146,0,0,0,6.662928,18.90693,0,0,0,4.819394,0,2.978287,0,0,39.59532,29.646955,0,0,42.67303,0,0,14.619202,13.732166,0
0,0,11.671139,6.8181396,3.1800308,0,0,0,0,0,0,3.0126064,0,0,0,0,0,15.401167,0,0,2.3648427,0,7.491175,8.195536,2.8724113,0
0.9889554,0,6.7030807,7.8591285,10.077178,0,0,0,0,0,0,5.894965,0,0,0,0,34.799175,28.640072,0,0,0,4.775515,46.716743,2.0365925,26.35557,0
0,0,21.578459,0,1.7190453,0,0,5.5464606,0,0,0,44.411575,0,0,0,0,7.6905694,31.451376,0,0,12.506605,14.119599,54.563923,16.021017,0,0
12.607806,30.283018,12.382545,43.74051,35.087643,0,0,0,0,10.418162,0,7.2467427,0,0,0,0,34.645306,158.97652,0,0,43.63437,61.03014,17.812803,98.43745,18.054554,0
0,0,0,0,86.21087,0,0,0,0,0,0,0,28.43296,0,0,0,52.241753,21.006487,0,0,0,0,121.14179,0,64.07176,0
0,0,12.211069,16.354767,0,0,0,29.03091,0,36.370205,0,32.18594,11.743073,0,0,0,5.6081095,0,0,0,3.2482622,19.263533,23.093033,37.741997,20.460001,0
26.678545,0,159.42804,113.98801,86.04447,0,0,0,0,0,0,24.359118,0,0,0,0,13.784528,73.75453,0,0,0,21.313398,58.98323,67.47521,94.57935,0
0,0,44.309937,0,0,0,0,0,0.23377018,0,0,0,0,0,0,0,31.70656,30.853964,0,0,28.094088,22.416573,110.156624,17.16274,32.528522,0
0,0,44.69567,38.783566,0,0,0,17.052195,0,0,0,30.687763,0,0,0,0,0,81.84754,0,0,47.874584,0,36.477715,27.428244,0,0
2.718659,0,49.72337,4.0481067,24.843967,0,0,28.155766,0,5.690064,0,19.58412,0,0,0,0,0,3.6282556,0,0,0,31.089352,19.681343,8.192425,21.862694,0
0,0,39.977478,1.6438383,0,0,0,0,0,0,6.056173,0,0,0,0,0,16.177322,22.9116,0,0,87.492744,14.557282,75.93991,2.5384057,2.2534027,0
0,0,109.29693,0,17.404352,0,3.2548332,0,0,0,1.7300005,55.301697,0,0,0,0,64.95489,131.80748,0,0,42.977764,47.931313,8.695458,60.3939,15.701563,0
0,0,146.00453,40.167454,32.095295,0,0,16.11547,0,0,0,19.393688,0,0,0,0,53.716454,99.948586,0,0,69.15073,0,25.610483,0,21.518953,0
0,1.8008238,3.4416294,0,0,0,0,0,0,2.3122616,0,0,0,0.8936874,0,0,3.2065,5.0671554,0,0,4.7377634,0.49869692,0,0.006978189,2.4802864,0
10.326233,0,4.354438,6.5790453,0,0,0,18.301582,0,30.342754,0,28.857563,0,0,0,0,61.992065,30.067368,0,0,55.95839,71.26754,56.3971,82.23294,53.916748,0
1.4017389,0,57.45815,68.413605,0,0,0,0,0,0,0,32.188133,0,0,0,0,7.1584473,40.91593,0,0,48.434517,4.6985703,75.72442,85.92527,22.446426,0
31.519226,0,55.439144,0,150.56929,0,0,0,0,62.118187,0,0,0,0,0,0,282.71286,100.97526,39.904133,0,89.815796,126.507645,213.75545,194.80855,60.25526,0
