1,2,3,4,5,6,7,8,9,10,11,12,13,14,15,16,17,18,19,20,label
0,0.16749862,0.37876555,0,0,0.016891468,0,0.037169285,0,0,0,0.19081166,0,0.12538053,0.5375178,0.18095486,0,0.006855406,0.8206024,0,1
0,0.40382332,0.25099578,0,0.26147103,0.020250026,0,0.7166747,0,0,0,0.11659576,0,0.24874148,0,0.52853584,0,0.34468776,0,0,1
0,0,0.31239155,0,0,0,0,0,0,0,0,0.13352315,0.045183405,0,0.4126552,0.15917054,0,0.16795251,0.4546859,0,1
0,0.38797468,0,0,0.9520767,0,0,1.3866229,0,0,0.62522745,0.9409633,1.0323768,0.15181728,0,1.6892323,0.6264653,1.088384,0,0.0646973,1
0,0.994334,0,0,1.13474,0,0,1.4155445,0,0,1.3810287,1.4074088,1.5804816,0,0,1.9276037,1.0953727,2.1498647,0,1.1925604,1
0,0.43838024,0,0,0.30939585,0,0,0.5883474,0,0,0.5900769,0.41235876,0.4647492,0.15269792,0,1.0286942,0.36713135,0.4873189,0,0.104128905,1
0,2.2848384,0,0,0.47599393,0,0,2.214822,0,0,1.5739079,2.5824144,1.9441693,0,0,2.0226495,1.5307809,1.7636454,0,0.6438581,1
0,1.5628198,0,0,2.5991442,0,0,1.4100449,0,0,1.3849803,1.9292078,2.6381187,0.81057626,0,3.7848873,0.8442334,3.4044194,0,1.4032475,1
0,0,0.04178857,0,0.056924094,0.038560558,0,0.04915642,0,0,0.24013835,0.19436273,0.21817493,0.46053603,0.08129005,0.77810204,0.06183704,0.24330467,0,0,1
0,2.0644677,0,0,2.350153,0,0,2.5591414,0,0,1.2100853,1.9148891,2.7424452,0.004312404,0,4.237118,1.1707073,3.644461,0,0.28132576,1
0,0.2628796,0,0,0,0,0,0.91257024,0,0,0.34924456,0.50867915,0.35049048,0.33680654,0,0.69703865,0.18952516,0.3209297,0,0.045739375,1
0,0,0,0,0,0,0,0.830029,0,0,0.41740844,0.5788881,0.47595233,0.17424423,0,1.125427,0.42551422,0.24057639,0,0.17969245,1
0,0.7785141,0,0,0.4948296,0.11611071,0,0.9339211,0,0,0.6734643,0.4426772,0.4343382,0,0,1.0220253,0.14694199,0.62492746,0,0.02756849,1
0,0.9454445,0,0,1.2225151,0,0,1.580928,0,0,0.6462635,0.7928622,0.991878,0.12394018,0,1.5855656,0.6353601,1.0348651,0,0.6227294,1
0,0.5877565,0.1579603,0,1.6100225,0.18396772,0,0.7516656,0,0,0.8711064,0.71447694,0.8130196,0,0.20610535,2.0096016,0.41515046,1.7188535,0,0.35696578,1
0,1.5650265,0,0,1.2882313,0,0,2.275643,0,0,1.3510615,0.83938605,1.678853,0.25130275,0,2.8478475,1.1960455,1.7490335,0,0.0742589,1
0,1.4667146,0,0,0.8458981,0.23661453,0,3.2124286,0,0,2.1745946,2.173635,1.9882578,0.9699685,0,3.6751864,0.82776123,3.0820336,0,0.81695676,1
0,1.6792765,0,0,2.500288,0,0,2.4806821,0,0,0.5815457,2.6891124,2.5804808,0,0,4.8982806,1.7243978,4.095861,0,0.67562616,1
0,1.5039636,0,0,1.7269714,0,0,1.6728714,0,0,1.2202829,1.4026355,1.7794058,0.7915896,0,3.7197402,1.7625359,2.2874007,0,0.9920604,1
0,0.76487285,0,0,0.46196282,0,0,1.7243247,0,0,1.2809514,0.93869305,0.9604167,0.07676114,0,2.390925,0.56962544,1.4894624,0,0.14509651,1
0,2.0905292,0,0,0.78366524,0,0,1.3333114,0,0,1.2888366,2.0053532,2.209801,0.09602949,0,2.8122456,1.7933035,1.7634416,0,0.41141894,1
0,1.4525644,0,0,1.4608227,0,0,1.687615,0,0,1.3396726,1.3718603,1.4073266,0.74501914,0,2.3571196,1.1655368,1.6952022,0,0.7317017,1
0,1.1850996,0.37478697,0,1.3417456,0,0,1.2981125,0,0,0.7366227,0.7493187,0.97022164,0.06938266,0,2.0529914,0.49005204,1.519598,0,0.46806937,1
0,0.920069,0,0,1.0025738,0,0,1.5472144,0,0,0.8230454,0.846055,1.497433,0.23512217,0,2.3618011,1.2254096,1.4782102,0,0.26628062,1
0,0.06484621,0,0,0.49530584,0,0,0.7203082,0,0,0.4465963,0.87186366,0.4566906,0.021528617,0,1.5978607,0.3053524,1.1304697,0,0,1
0,1.3385831,0,0,1.340332,0,0,1.8578587,0,0,1.3952183,0.774093,1.199181,0,0,2.3302991,0.77958655,2.1128001,0,0.73276377,1
0,1.0585959,0,0,1.7094129,0,0.028494343,2.1742742,0,0,1.2261306,1.1326735,1.1307099,0.8855626,0,2.2615995,0.8520924,1.922097,0,0,1
0,0.28617907,0,0,0.60240376,0,0,1.247694,0,0,0.35849872,1.0164301,0.5897373,0.23041892,0,1.3029603,0.7816061,0.43286344,0,0.3990118,1
0,0.3211658,0.30212924,0.010173939,0.06703396,0,0,0.6560974,0,0,0,0.36941,0,0.34765667,0,0.39238566,0,0.29696944,0,0.002741478,1
0,0.3919115,0,0,0.19337206,0,0,0.58903074,0,0,0.33334374,0.4848056,0.13876028,0.17526513,0,1.1696225,0.2770749,0.5254141,0,0.06793067,1
0,0.2563486,0.07284819,0,0.3131947,0,0,0.529403,0,0,0.098375924,0.47258428,0.2673769,0.17442937,0,0.38963968,0.1306372,0.47466466,0,0.04235465,1
0,0.4044518,0,0,0.32672107,0,0,1.833681,0,0,0.6141927,0.88274837,1.0880928,0,0,0.7748982,0,1.2905312,0,1.0348629,1
0,1.7226895,0,0,1.134764,0.09545851,0,2.2697785,0,0,1.1434427,1.9220701,2.9188473,0.033175983,0,3.502765,1.2527908,3.7782338,0,0.9521717,1
0,1.3017094,0,0,0.12899074,0.20262365,0,1.0493025,0,0,0.9268336,1.0731739,0.24980548,0,0,1.346993,0.98053044,0.44004104,0,0,1
0,0.40180904,0,0,1.5090791,0,0,1.8200037,0,0,1.8681235,1.2896796,0.9522993,0,0,2.2124426,1.112797,0.9869077,0,0.8772599,1
0,0.023265183,0.07205918,0,0.13494419,0,0,0.63253653,0,0,0.28199506,0.3743239,0.26472428,0,0,0.6588234,0.18315667,0.6342531,0,0.016943596,1
0,1.1957179,0,0,1.8223006,0,0,1.7679045,0,0,1.3256284,2.1571825,1.4456013,0,0,2.6715484,1.0515497,2.0803187,0,0.30002487,1
0,0.92526627,0,0,0.8909831,0,0,0.9853718,0,0,0.74176085,0.80161923,0.9504196,0,0,1.8950065,0.029646713,1.351336,0,0.2863028,1
0,0.9425938,0,0,0.8002324,0,0,0.5838605,0,0,0.81612897,1.8066181,1.8675538,0,0,2.0361845,1.3434637,1.5781615,0,0.68317777,1
0,0.5828768,0,0,2.5150957,0,0,0.8546871,0,0,2.1295395,1.0253875,2.6307156,0,0,3.3355694,1.267644,2.2237248,0,0.4532184,1
0,1.6619864,0,0,0.90056956,0,0,2.4467392,0,0,1.5947224,1.7786407,1.6258554,0.3270341,0,3.4132252,1.452099,1.9457345,0,1.0518471,1
0,0.8691246,0,0,1.1237636,0,0,1.7775059,0,0,0.34599528,0.86093414,1.211642,0.75862455,0,2.3391159,0.5382845,2.45282,0,1.0826696,1
0,0.62068015,0.2663687,0,0.56941867,0,0,0.98914516,0,0,0.2224828,0.55658793,0.5400924,0,0,1.2112303,0.1387622,0.6288103,0,0.16215119,1
0,0.48557228,0.16804993,0,0.3616342,0,0,0.4151887,0,0,0.18209085,0.12004319,0,0.45150504,0,0.58043736,0.047685485,0.6872199,0,0,1
0,0.4938957,0.16449502,0,0.20960228,0,0,0.9176811,0,0,0.46422976,0.71842754,0.24511403,0.10000748,0,1.0668492,0.16616327,0.7274246,0,0,1
0,0.48622435,0,0,0.2771917,0.014690615,0,0.82281554,0,0,0,0.4701278,0,0.39026162,0,0.28591454,0,0.4155726,0,0,1
0,0.43391782,0,0,0.2215218,0,0,0.5825622,0,0,0,0.500906,0,0.20767176,0,0.6343153,0,0.75680965,0,0.18191087,1
0,0.17086318,0,0,0.45672625,0,0,0.77066195,0,0,0.48202664,0.314053,0.06516576,0.044189695,0,0.9792298,0.2447711,0.352296,0,0.25690487,1
0,0.86041003,0,0,2.0133824,0,0,1.1220148,0,0,0.7233399,1.63489,1.3709911,0.73393655,0,2.1377811,1.353635,1.2203995,0,0.8856063,1
0,1.6814275,0,0,1.6067213,0,0,1.8851367,0,0,1.5549803,1.7394178,1.3216192,0.23852077,0,3.9488213,1.2972674,2.5762393,0,1.5096182,1
0,1.2999965,0.17128074,0,1.0871043,0,0,1.4506639,0,0,0.79354453,1.458352,1.3681915,0.7198501,0,2.0050492,0.8349823,0.62226623,0,0.7667936,1
0,0.7900826,0,0,0.664715,0,0,1.2089618,0,0,0.98662126,0.37573227,0.7058281,0,0,2.0672083,0.93397087,1.2638223,0,0.19087198,1
0,1.2468576,0,0,0.27447665,0,0,1.8914993,0,0,1.2289947,0.61017525,1.2413086,0,0,2.1178935,0.6790107,1.794105,0,0.6304561,1
0,1.750597,0,0,0.72547436,0.002970055,0,2.6796355,0,0,1.1176658,1.2293653,2.4531267,0.34702462,0,3.213858,1.4690955,2.6211946,0,1.1508418,1
0,1.0827461,0,0,2.1656408,0,0,2.5050313,0,0,1.8673583,1.9947759,1.7270666,0,0,2.851417,1.1939772,1.6602808,0,1.2686034,1
0,0.4439203,0,0,0.5881854,0,0,0.634797,0,0,0.67357576,0.6857027,0.48810017,0,0,1.0712144,0.5128779,0.92268693,0,0,1
0,1.3146544,0,0,1.0808268,0.31244862,0,2.6245186,0,0,1.0191215,2.097619,1.9391077,0.2864891,0,3.2346988,1.7362785,2.4041862,0,0.28084862,1
0,0.86533344,0,0,0.8830014,0,0,1.9756963,0,0,0.10522096,0.75435007,1.1506193,0.25884643,0,2.1500757,1.0663922,1.5102654,0,0.52852774,1
0,0,0,0,0,0,0,0.64948535,0,0,0.10545886,0.81902146,0.5124147,0,0,1.0907471,0.36809486,0.53475296,0,0,1
0,3.5434382,2.1483235,0,0.37211305,2.4937627,2.736448,0.32205018,0,0,0,0,0,1.5719813,2.799691,0,0,0,3.0812678,0,1
0,0.20778796,0,0,0.63379294,0,0,1.4251658,0,0,0.97828996,0.99743706,0.8490391,0,0,1.4756305,0.5684474,1.0342251,0,0.36723316,1
0,0,0,0,0.34266853,0,0,0.9611596,0,0,0.17678301,0.24134642,0.066332296,0.14168733,0,1.0155642,0,0.40312397,0,0.3338737,1
0,0.24490868,0,0,0.3440197,0,0,1.0560086,0,0,0.39252034,0.7762191,0.8309841,0.25943932,0,1.3421096,0.35961837,0.716373,0,0.28558287,1
0,0.6340895,0,0,0.21008115,0.35773078,0,1.0692066,0,0,1.1910237,0.44581693,1.0416833,0,0,1.4469525,0.6486539,1.1617664,0,0,1
0,0.2735843,0.1907093,0,0.10201252,0,0,0.60954565,0,0,0.26388443,0.33995745,0.29029077,0.26272374,0,0.8074375,0.19529103,0.42905325,0,0,1
0,0.56219006,0.51504797,0,2.86769,0,0,1.8412635,0,0,1.2740818,1.3460153,1.481869,0,0,3.1700296,0.39566022,2.1477175,0,0.26466173,1
0,0,0.010187164,0,0.35681576,0,0,1.0930916,0,0,0.43331578,0.2538358,0.4188996,0,0,1.1176128,0.18456677,0.858706,0,0.07995829,1
0,1.1230415,0,0,1.3448656,0,0,1.8503505,0,0,1.1987318,1.676275,2.3259213,0.8242317,0,3.001769,1.3999034,2.8721406,0,1.6225199,1
0,1.5245361,0.17235288,0,1.4060619,0,0,3.3037424,0,0,1.8337582,1.2074834,0.7780557,0,0,2.4028215,0.36515373,1.2880645,0,0.004591562,1
0,0.053357072,0,0,0.42446148,0,0,0.70861626,0,0,0.45620608,0.36573723,0.6013267,0.07082027,0,1.296324,0.421529,0.9546703,0,0.040045768,1
0,1.0547657,0,0,0.4058953,0,0,1.8359798,0,0,1.4105741,1.1896209,2.2543392,0,0,2.2716806,1.2856158,2.025665,0,0.7726055,1
0,1.0206237,0,0,1.5233954,0,0,1.9101521,0,0,1.4400153,1.1175063,1.762989,0.75894946,0,2.8694263,0.9564289,1.7349359,0,0.6093143,1
0,0,0.4566579,0.060113624,0,0.035018094,0,0.17529006,0,0,0,0.26103866,0,0.31579843,0.051256884,0.046361223,0,0.21648514,0.40559694,0,1
0,0.35548437,0.42452076,0,0.10287317,0,0,0.67150307,0,0,0.07929894,0.13703471,0,0.59242105,0,0.55027723,0,0.37179732,0,0.098327324,1
0,0.06646253,0,0,0.08756041,0,0,1.0970473,0,0,0.4723874,1.1907905,0.95779765,0.0813503,0,1.3024421,0.5839931,0.8481728,0,0.22673571,1
0,0.7753634,0.010858037,0,0.40772265,0,0,1.1529956,0,0,0.3496999,0.7498365,0.32812238,0.058201782,0,0.95625865,0.16992658,0.79289734,0,0.17851591,1
0,1.6520027,0,0,1.0628783,0,0,1.4604,0,0,1.3383988,1.2966901,1.0928015,0.11642994,0,1.3058393,0.56661206,1.0391929,0,0.19901845,1
0,0.31900376,0,0,0.5128656,0,0,1.0688847,0,0,0.44650647,0.8458674,0.22084495,0.053656027,0,0.9326376,0.32900083,0.9395282,0,0,1
0,0.48153692,0,0,0.71225625,0,0,1.0717543,0,0,0.63277125,0.82551265,1.2991208,0.28364706,0,2.4484482,1.0894654,0.9801127,0,0.29570794,1
0,0.22026713,0.08902406,0,0,0,0,0.81453955,0,0,0.020772785,0.26195198,0,0,0,0.7994681,0,0.1831858,0,0,1
0,0.55459946,0,0,0.24002363,0.036622535,0,0.8286078,0,0,0.4186849,0.34002382,0.29495576,0.030449457,0,0.9130089,0.17999932,0.6986614,0,0.037366852,1
0,1.551938,0,0,1.8540139,0,0,2.055655,0,0,0.8777708,1.0839938,1.8375686,0.04578369,0,2.5686903,1.276767,2.5305305,0,0.88188165,1
0,1.1656835,0,0,0.7093192,0,0,1.4503754,0,0,1.5484687,1.1762989,1.256109,0,0,2.2948542,1.7624404,1.628171,0,0.39756286,1
0,0.91141015,0,0,1.0517203,0,0,1.5841273,0,0,1.4459614,1.4769884,1.6095297,0.41826096,0,3.2520685,0.88371694,2.0952146,0,1.023718,1
0,0.71658355,0,0,1.0531127,0,0,2.07951,0,0,1.9600698,1.1774902,0.94901884,0,0,2.3439085,0.57111835,1.2163826,0,0.546311,1
0,0.4623387,0.12493945,0,0.437953,0,0,0.8901241,0,0,0.04393488,0.5862211,0.3395593,0.19298497,0,0.9987541,0.2604969,0.39493692,0,0,1
0,0.3064217,0,0,1.0820318,0,0,2.457918,0,0,1.8876983,0.7020374,2.2163339,0,0,3.220568,0.56982964,2.5701244,0,0.92730826,1
0,1.4883617,0,0,1.3855816,0,0,2.3044846,0,0,1.6691495,2.2463193,1.8319418,0.56014836,0,3.2411587,0.7806743,2.7818131,0,0.13888535,1
0,0.9588198,0,0,1.3519635,0,0,1.7038503,0,0,1.3776503,1.1848044,1.707809,0,0,2.6055665,1.3047836,2.402499,0,1.1859561,1
0,0,0,0,0.71523577,0,0,1.7926493,0,0,1.2372257,1.5242459,1.6094652,0,0,1.8597306,0.9560912,1.6714903,0,1.16138,1
0,1.4509703,0,0,0.69140404,0,0,2.3607142,0,0,1.0520891,1.3992794,1.8961947,0.7196046,0,2.6728628,0.40847775,1.952427,0,0.34976453,1
0,0.66888636,0,0,1.7663844,0.2571957,0,2.157499,0,0,1.4354855,1.4228284,1.8654904,0,0,2.7526689,1.0037853,2.2062588,0,1.1004367,1
0,0.8072105,0,0,0.35733294,0,0,0.86890376,0,0,0.27689743,0.6370276,0.5166046,0.2190161,0,0.9947243,0.29203534,1.1911967,0,0.282603,1
0,0.42826623,0,0,0.18873052,0,0,1.2044765,0,0,0.40893683,0.45396566,0.25712982,0.07773399,0,1.0486004,0.26107192,0.46241403,0,0.07389964,1
0,0.2739409,0.082991384,0,5.20E-05,0,0,0.59119433,0,0,0.14954813,0.46352786,0,0.4459305,0,0.4658889,0,0.17039791,0,0,1
0,2.3071165,0,0,1.3632532,0,0,2.921318,0,0,1.7037042,1.6422333,2.3345873,0,0,2.3302493,0.24370295,2.1854677,0,0.23992136,1
0,0,0.13516964,0,0,0,0,0.8734771,0,0,0.06441591,0.5943151,0.6813832,0.103926,0,0.7554273,0.047868185,0.33155778,0,0,1
0,0.7110734,0,0,1.6346556,0,0,1.5198596,0,0,1.5624107,1.4729384,2.3973665,0.14736304,0,2.8115287,1.6967771,2.7781625,0,0.77620196,1
0,1.5021762,0,0,1.8854257,0,0,2.1144867,0,0,1.0616995,1.7039663,1.8872852,0.17027037,0,3.526582,1.0247861,3.0909734,0,1.026352,1
0,3.3803365,0,0,1.2437036,0,0,2.8823464,0,0,3.0652897,2.8344505,3.2378674,0,0,4.455445,1.634751,3.3546958,0,1.8606344,1
0,2.1065602,0,0,0.875359,0.6437924,0,2.3082924,0,0,1.1787623,1.0731661,1.2806443,0,0,3.2195415,0.40185103,2.9357386,0,0.6053517,1
0,0.3475318,0.16734493,0,0.073213175,0,0,0.8018429,0,0,0,0.22153598,0.03241313,0.23710725,0,0.6921922,0.04025028,0.37326354,0,0.043098837,1
0,0,0,0,0.2714709,0,0,1.0111699,0,0,0.23329285,0.92198026,0.67791253,0.40680686,0,0.9950523,0.37136948,0.46015176,0,0,1
0,0.44215167,0,0,0.16509536,0,0,1.477884,0,0,0.42173022,1.1290407,0.6752897,0.18712972,0,1.2932876,0.5624548,1.093154,0,0.5905466,1
0,0.18840244,0.06190469,0,0.28825146,0.1479744,0,0.3130691,0,0,0.1354081,0.3170081,0.17544249,0.22743562,0,0.3956874,0,0.59453946,0,0,1
0,0.10638458,0,0,0,0,0,0.7247598,0,0,0.328957,0.35132572,0.52750766,0.17355224,0,1.1685518,0.27521965,0.6541438,0,0.07949576,1
0,1.8436197,0,0,0.96687436,0,0,2.415398,0,0,2.1524298,1.9258173,2.4943433,0,0,2.8896825,1.4552202,1.5488243,0,0.23044306,1
0,0.97353655,0,0,1.1816455,0,0,1.8803412,0,0,1.4538159,1.4551153,1.8566971,0,0,3.379459,1.4760722,2.8483713,0,1.2451222,1
0,1.0778024,0,0,1.0258025,0,0,0.71080005,0,0,0.7813194,0.6273597,1.2270937,0,0,1.5881466,0.43339625,1.8260174,0,0.36248764,1
0,0.5166525,0,0,1.9931376,0,0,1.9205059,0,0,1.5147016,1.1621623,1.9813737,0.26290858,0,2.8568687,1.3336658,1.6685748,0,0.8789772,1
0,0.37899643,0,0,0.2263428,0,0,0.7356727,0,0,0.5318979,0.55837095,0.2899955,0,0,1.3532554,0.44192117,1.0100111,0,0.09286383,1
0,0.74298686,0,0,1.0117404,0,0,1.8220425,0,0,0.8533957,1.377879,2.3889794,0.1332478,0,2.3069277,1.4115611,1.6078702,0,0.9191529,1
0,0.6095728,0,0,1.1790996,0,0,1.6864295,0,0,0.84299743,1.0227723,1.0548345,0.058731712,0,2.2691236,0.6048412,2.4108891,0,1.121034,1
0,0.9611233,0,0,1.179057,0,0,2.3138728,0,0,2.206921,1.080268,1.2679882,0.20250776,0,3.1982489,1.1968833,1.6132445,0,1.1339862,1
0,0,0,0,0.35532677,0,0,0.84763265,0,0,0.3127107,0.2153984,0.86144733,0.55360806,0,0.9811963,0.6539648,0.7743579,0,0.55329293,1
0,0.48799312,0.15907255,0,0,0.105683126,0,0.5222957,0,0,0.09717293,0.2041961,0.1422605,0.23521861,0,0.577982,0,0.47485238,0,0,1
0,0.45633817,0.37132582,0,0.32584983,0.005341902,0,0.2708084,0,0,0.14432645,0.22586018,0,0.4403245,0,0.689457,0.048356898,0,0,0,1
0,0.3600636,0,0,0.3645261,0,0,0.89602804,0,0,0.37320974,0.58350074,0.43810517,0,0,1.0211191,0.30465865,0.8334994,0,0,1
0,1.2952479,0,0,1.9229547,0,0,3.1795218,0,0,1.3783768,1.8515325,1.7589353,0.64657277,0,3.001381,1.1345196,2.2967486,0,1.7122067,1
0,0.55091476,0.021199785,0,0.56945324,0,0,1.1551816,0,0,0.20787728,1.0030687,0.80306435,0,0,1.5530734,0.8295427,1.3871319,0,0.009135701,1
0,0.39390337,0.16207643,0,0.09914122,0,0,0.8512603,0,0,0.061140474,0.62028533,0.2773522,0.21028063,0,1.1936797,0.1992721,0.65231705,0,0.0795068,1
0,0.27368394,0.018716715,0,0,0.08638984,0,0.1610192,0,0,0,0.347366,0,0.3317604,0,0.5329467,0,0.22058767,0.013850883,0,1
0,0.5557547,0,0,0.021935575,0,0,1.1262515,0,0,0.69959426,0.84629893,0.7598961,0,0,1.1153954,0.42731225,0.9694192,0,0,1
0,0.14744595,0.21138349,0,0.23728092,0.15686359,0,0.8760793,0,0,0,0.3980957,0,0.31076053,0,0.49126273,0.15390463,0.24445426,0,0.0889986,1
0,0.79855335,0,0,0.59815854,0,0,1.4996545,0,0,0.925362,1.0311538,1.4506376,0,0,1.9531071,0.2542289,1.5632999,0,0.20469293,1
0,0.2896487,0.086842105,0,0.20354822,0,0,0.87153745,0,0,0,0.36736867,0.11461182,0.30951765,0,1.0660808,0,0.63916874,0,0.2745456,1
0,0.42573452,0,0,0.38055313,0,0,1.1084145,0,0,0.43311495,0.73656726,0.50553054,0.018771864,0,1.0461602,0.15178244,0.8586025,0,0,1
0,0.12917589,0,0,0.6407923,0,0,1.2009933,0,0,0.42636138,0.5967008,0.7248926,0.1154411,0,1.3363812,0.48757127,0.6782973,0,0.06342026,1
0,1.4541353,0,0,1.2845211,0,0,1.9592652,0,0,2.3876214,1.2184747,2.322211,0.19426554,0,2.6531997,1.2914696,2.2491663,0,1.838696,1
0,0.655202,0,0,0.79418355,0,0,1.2687869,0,0,0,0.661813,0.9837826,0.40227047,0,1.3705399,0.37545773,1.3589787,0,0.5419501,1
0,1.2229128,0,0,1.3151383,0,0,2.0719948,0,0,0.96380925,1.3307308,1.1809196,0.26584354,0,1.8140799,0.51838297,1.2314292,0,0.10106118,1
0,0.48169732,0,0,0.9197241,0,0,1.9793302,0,0,1.0851057,0.91975343,2.4658887,0.6744659,0,2.3357632,1.0728385,1.8517573,0,0.93250555,1
0,0.3041481,0.2017649,0,0.089852616,0.25773948,0,0.6269345,0,0,0,0.17891039,0,0.45076743,0.28502947,0.29336935,0,0.41883686,0,0,1
0,1.8112916,0,0,0.36809748,0,0,1.3879657,0,0,1.0909699,1.3294783,1.4012091,0.8288794,0,2.4592338,1.3619418,1.4165647,0,1.3268659,1
0,0,0,0,0.37462097,0,0,0.7725116,0,0,0.21074744,0.9789521,0.31916314,0,0,0.9931624,0.5091451,0.3686582,0,0.123486795,1
0,0.042300846,0.15400252,0,0,0,0,1.0594646,0,0,0,0.28608298,0.28490284,0.31309366,0,0.6098705,0,0.35929444,0,0.15851898,1
0,1.4366522,0,0,1.8972106,0.07892633,0,1.4653983,0,0,1.3688444,0.8367619,1.3962394,0.28068906,0,2.3875113,0.3496864,1.3289338,0,0.7114086,1
0,1.0911933,0,0,0.4633246,0,0,1.5919756,0,0,0.49852556,0.9290952,1.3598832,0,0,2.1165714,0.86456674,1.5246046,0,0.39637208,1
0,1.8572044,0,0,0.7168396,0.09407894,0,2.0265188,0,0,1.2959851,1.7343589,2.7974918,0,0,3.4806044,1.4385417,2.8418229,0,0.5141222,1
0,0,0.12870824,0,0.35430288,0,0,0.7722926,0,0,0,0.6775262,0.28242233,0,0,0.6604912,0.2535925,0.42781296,0,0,1
0,0,0,0,0.15387964,0,0,0.31548023,0,0,0.4204639,0.6294822,0.6750374,0,0,0.75830305,0.16998652,0.7487814,0,0,1
0,1.3005669,0,0,1.0949451,0,0,1.9653932,0,0,1.6668103,1.2722013,1.6137694,0.02671706,0,2.454896,1.2169675,1.9154425,0,0.95917815,1
0,0.072330676,0,0,0,0,0,0.45134163,0,0,0,0.20514372,0.3129481,0.29895532,0,0.7211699,0.17738277,0.4336458,0,0.028943326,1
0,1.3896824,0,0,1.6138718,0,0,2.9995215,0,0,2.0420294,2.15171,1.5034189,0.40662438,0,3.0417128,1.0322381,1.3898338,0,1.261331,1
0,0.8783583,0,0,0.6232915,0,0,1.3662988,0,0,1.4720927,0.62814385,1.1238459,0,0,1.6348815,0.24665323,0.87391734,0,0.2721186,1
0,1.4401207,0,0,1.9633266,0,0,1.9741753,0,0,2.2484024,2.1150446,2.1252844,0,0,2.9407709,1.1392092,1.9010992,0,0.8926526,1
0,0.010292649,0.2425941,0.0273478,0.029623374,0.15592405,0.1131752,0.36668134,0,0,0,0,0,0.15341505,0.4065617,0.14470913,0,0.054350182,0.47030804,0.19648066,1
0,1.2851591,0,0,1.7790384,0,0,2.31401,0,0,1.9689442,1.0545713,2.5595987,0,0,3.010266,0.90528,2.4305344,0,1.4621528,1
0,1.5945652,0,0,1.1529415,0,0,1.93068,0,0,1.6819249,1.4130718,1.6865244,0.03940577,0,1.6815414,0.7223591,2.076381,0,0.9915176,0
0,0.7930429,0,0,1.0995828,0,0,1.3169757,0,0,1.7558151,0.914541,2.0547686,0,0,2.2555091,1.0415756,1.9810686,0,0.67135626,0
0,0,0.02719868,0,0.18861283,0,0,0.7907723,0,0,0.33225784,0.31575662,0.212565,0.29183897,0,0.8022405,0.055540763,0.3630029,0,0.08572282,0
0,1.1086612,0,0,1.2897449,0,0,1.5192957,0,0,1.3793551,1.4007382,1.7078378,0.23001379,0,1.649423,0.9152315,1.9553256,0,1.2772204,0
0,2.1153865,0,0,2.1867952,0,0,2.7397664,0,0,2.206254,2.0441105,2.4423704,0.15341225,0,3.545454,1.8074862,2.5604057,0,1.4940382,0
0,0.3001654,0.10052061,0,0.030611582,0.037953697,0,0.5053327,0,0,0,0.2275136,0,0.28763694,0,0.4805557,0,0.07975805,0,0.07105893,0
0,0.18524097,0.38862193,0,0,0,0,0.11350636,0,0,0,0.32278425,0.022152796,0.08906737,0.3022102,0.0373864,0,0.099411525,0.44049364,0,0
0,0,0,0,0.06669298,0,0,0.63822234,0,0,0.47958365,0.2993792,0.20573923,0,0,1.3040025,0.3956288,0.94297135,0,0,0
0,0.88535994,0,0,1.3383384,0,0,1.5460067,0,0,1.1332256,1.5696665,1.4969407,0.005402871,0,1.6473062,0.5257771,1.8557181,0,0.47569057,0
0,0.24274336,0,0,0.003647246,0,0,0.52509457,0,0,0.09213211,0.5665003,0.37014905,0.12324028,0,0.9434284,0.01615969,0.8850118,0,0.34678823,0
0,1.0558301,0,0,1.0509825,0,0,0.78371906,0,0,0.31405547,0.67874086,1.6265556,0,0,2.6426227,0.59459966,2.5674057,0,0.8438034,0
0,1.3302562,0,0,0.85156596,0,0,1.8536431,0,0,0.6458185,1.2801698,0.845775,0.26929,0,2.2955575,1.2824167,1.1724178,0,1.2276691,0
0,1.2764156,0,0,1.2786641,0,0,1.2967645,0,0,1.4472018,1.1226715,1.318456,0,0,2.3885748,1.0785413,2.2797928,0,0,0
0,0.27610058,0.25701788,0,0,0,0,0.9233334,0,0,0.32064182,0.39344826,0.604782,0,0,0.9483783,0.39681262,0.59775275,0,0.042774487,0
0,0.7183613,0,0,0.8978639,0,0,0.7859111,0,0,0.814191,1.3189033,2.0231197,0.25453252,0.066918604,2.0150232,0.8749004,2.9543657,0,0.4267838,0
0,0.7563523,0,0,0.8182631,0,0,2.5245726,0,0,1.7801576,1.5770053,2.4645379,0,0,3.2456086,1.5216917,1.8307608,0,0.41378188,0
0,0,0,0,0.27127102,0,0,0.3410037,0,0,0.2853598,0.35396138,0.66267747,0.037087157,0,1.0343589,0.15499914,0.7648271,0,0,0
0,0.27954948,0,0,1.5530511,0,0,1.5172983,0,0,0.68351805,1.1391655,0.88852143,0.13042614,0,2.0798402,0.7462001,1.4777019,0,0.05325892,0
0,0.2770559,0.17312264,0,0,0,0,0.5986346,0,0,0,0,0,0.44828063,0,0.81896424,0.010170266,0,0,0,0
0,0.800733,0,0,1.1193651,0,0,1.3101603,0,0,1.0554248,1.2645625,0.88468254,0,0,2.1500814,1.0686278,1.1864153,0,0,0
0,0.9508253,0.28032577,0,1.7454387,0,0,2.3776443,0,0,1.2705256,0.9991182,0.8191789,0.41910252,0,2.8260043,0.098473236,3.5118067,0,0.4501218,0
0,2.8075147,0,0,0.9787123,0,0,2.7658765,0,0,1.2038549,1.8349868,2.328151,0.52937734,0,3.0712602,1.327783,1.3484035,0,0.6275312,0
0,1.0597627,0,0,1.5120428,0,0,1.5707266,0,0,0.932518,0.89756745,1.0271384,0,0,2.8677328,0.4506018,2.5248537,0,0.09879989,0
0,0,0.2140358,0,0,0.07321171,0,0,0,0,0,0.55158734,0,0,0.24364166,0,0,0.22084853,0.3651578,0,0
0,0.38789696,0.28226733,0,0.26416162,0,0,0.15666455,0,0,0,0.13940008,0,0.27677992,0,0.8559941,0,0.32719257,0,0.298444,0
0,1.835062,0,0,0.69715816,0,0,2.3607295,0,0,1.3146839,1.3140284,1.7894049,0,0,2.6194158,1.0251263,2.427828,0,0.9258861,0
0,0.57171315,0,0,1.0847206,0,0,1.338249,0,0,0.80721295,1.1878859,1.0814171,0.5358525,0,1.9339867,0.68465775,1.0881951,0,0.09664445,0
0,0.65543926,0.2819887,0,0.3960768,0,0,0.64718175,0,0,0.3645042,0.4983056,0.3141733,0.15148242,0,0.75305855,0.2582187,0.6755046,0,0,0
0,0,0,0,0.35659224,0,0,0.5347235,0,0,0.084515505,0.69962984,0.16601722,0,0,0.9128925,0.31465924,0.9579549,0,0.11484618,0
0,0.2552545,0,0,0.2974022,0,0,0.83122504,0,0,0.7406944,0.45957026,0.74891067,0.083789885,0,1.0425074,0.5141954,1.0967866,0,0.31412208,0
0,1.7963922,0,0,1.9413538,0,0,2.2990131,0,0,1.5196135,1.2625186,0.93932307,0,0,2.6961374,1.0179415,2.6581078,0,0.2531734,0
0,0.93743515,0,0,0.41565377,0,0,1.736071,0,0,1.1621112,1.0803812,0.8247147,0,0,1.3748915,0.41478765,1.6159873,0,0.729344,0
0,1.6244588,0,0,0.8783894,0,0,3.379492,0,0,0.8441732,2.584761,2.91045,0.570793,0,2.1418903,1.572928,2.699005,0,1.5214508,0
0,1.6774468,0,0,1.363477,0,0,2.2214336,0,0,1.8294548,2.437204,2.1902678,0,0,3.656866,1.551368,3.3887532,0,1.4457511,0
0,0.53102976,0,0,1.6840496,0,0,1.1991109,0,0,1.2405839,0.71419734,1.927577,0,0,2.2013035,0.5235161,2.4793305,0,0.6859612,0
0,0.72738296,0.35747224,0,0.7152563,0,0,1.6094558,0,0,0.3828373,0.48052981,0.8122755,0.52658,0,1.1738331,0.47442505,1.6454697,0,0.6479577,0
0,0,0,0,0,0,0,0.7196615,0,0,0.16998518,0.28009215,0.56796825,0.53517604,0,0.8580749,0.2624194,0.43619776,0,0.38792014,0
0,2.328244,0,0,1.7477883,0,0,1.6814283,0,0,1.9283025,1.9194317,1.8248184,0,0,2.749352,1.0545366,1.8123308,0,0.704952,0
0,1.138616,0,0,0.80158854,0,0,2.2586133,0,0,1.404785,1.4566051,1.60975,0,0,3.2374985,1.1539979,2.1106627,0,1.7270188,0
0,1.4460552,0.21412307,0,1.3475184,0.03573808,0,2.6424615,0,0,1.6252557,1.8596158,1.6925169,0.11587973,0,2.3483715,0.2526793,2.6684413,0,0.8757577,0
0,1.2043896,0,0,3.155105,0,0,2.3092306,0,0,1.699707,2.0300553,1.7369072,0.8703274,0,2.627897,1.095135,2.309945,0,1.1379217,0
0,0.5793697,0,0,0.3509946,0,0,0.79420924,0,0,0,0.49950093,0.13503158,0.26362854,0,0.7388127,0.07562336,0.5569682,0,0.069286376,0
0,1.3250537,0,0,1.800922,0,0,0.99485457,0,0,1.3920676,0.9202951,0.73885846,0,0,2.0894854,0.95938367,1.4981443,0,0.99576414,0
0,1.7682598,0,0,0.5441071,0,0,2.6543798,0,0,1.1228184,1.1950252,2.2655103,0.31700736,0,3.1323876,1.0770664,2.252286,0,0.6622139,0
0,1.6016506,0,0,1.4510835,0,0,1.7775078,0,0,1.1173788,1.4062084,1.3767042,0,0,2.4337919,0.443191,2.2005851,0,0.73597,0
0,0.13080648,0,0,0.54288095,0,0,0.38405842,0,0,0.20840056,0.46749437,0.37775365,0.2939622,0.117832,0.9607077,0.16711584,0.89345396,0,0.11468357,0
0,1.5352533,0,0,1.9376414,0,0,2.372631,0,0,2.7253785,2.5716763,1.981878,0,0,4.082881,1.5161744,3.4065168,0,0.92777526,0
0,0.36038065,0,0,1.7480938,0,0,2.0622318,0,0,0.894016,0.798356,0.98326445,0.38362846,0,2.074348,1.4244047,1.3967178,0,0.93555903,0
0,0.75122195,0,0,0.51595324,0,0,1.4996917,0,0,1.3037616,1.8530352,0.95490277,0,0,2.6275127,1.2489029,1.4292369,0,1.0121188,0
0,1.485093,0,0,1.2250445,0,0,1.248514,0,0,0.37904534,1.129421,1.4255755,0.07688022,0,2.1354702,0.9300301,1.4773734,0,0.79308635,0
0,0.47021735,0,0,1.023213,0,0,2.1506507,0,0,0.9088774,0.9613735,1.4776251,0.08421116,0,2.3120542,0.9528101,1.4760691,0,0.87721026,0
0,1.8971026,0,0,1.7795036,0.72912335,0,2.356334,0,0,1.2010456,1.8224162,1.3807327,0.5354362,0,2.7069755,1.2080848,2.3851519,0,0.6432542,0
0,1.6394964,0,0,2.3047597,0.0877081,0,2.044511,0,0,0.869645,1.4507474,1.7830254,0.44767717,0,3.123748,0.713202,1.8224409,0,0.6464669,0
0,0.44005334,0,0,2.1610656,0,0,1.568307,0,0,1.9285485,2.1014194,2.2142794,0.1759843,0,3.3644128,1.5705203,2.1632073,0,0.8815844,0
0,2.487255,0,0,1.5604323,0,0,3.0557408,0,0,1.854777,2.2802467,2.2057476,0,0,3.5734732,1.6913164,2.4849465,0,0.153182,0
0,1.8904755,0,0,1.4208686,0,0,2.6590393,0,0,0.7915906,1.6868701,1.617806,0.47550908,0,3.175794,0.8974146,2.6915045,0,1.1064641,0
0,0.412508,0.09563984,0,0.070096746,0.119682826,0,0.3901861,0,0,0.11853189,0.26045683,0,0.13204801,0,0.31698418,0,0.35626224,0,0,0
0,0,0.19546023,0,0,0.034680277,0.018701576,0,0,0,0,0.2523421,0,0.06379594,0.5810332,0,0,0.36296326,0.4085738,0,0
0,0.9868743,0,0,1.5448534,0,0,2.1141496,0,0,1.9451176,1.4975737,1.6734365,0.48587993,0,3.8291628,1.4126654,2.9409637,0,1.4808141,0
0,1.2858626,0,0,1.2206135,0,0,1.8938965,0,0,0.680001,1.6744523,1.3428665,1.259446,0,2.5351055,1.1285518,2.03133,0,0.98035145,0
0,1.0470057,0,0,0.7188657,0,0,2.5413063,0,0,1.0455256,1.9698311,2.465504,0,0,2.3214698,1.4884768,2.250442,0,0.29392302,0
0,1.2676569,0,0,1.5292265,0,0,1.9259107,0,0,1.5090894,1.3996128,1.5734879,0,0,1.3822943,0.410377,1.2502508,0,0.71442115,0
0,1.4857669,0,0,1.7300043,0,0,2.235685,0,0,1.3009773,1.6774656,1.5309184,0,0,2.0801291,0.22424635,1.766773,0,0.467283,0
0,0.5809277,0.09778004,0,0.23102735,0,0,0.5207782,0,0,0.16174723,0.13253698,0,0.25573915,0,0.6724732,0.11488873,0.54960835,0,0.014512919,0
0,0.58700466,0,0,1.3917906,0,0,0.763144,0,0,1.774335,0.75981706,1.0564291,0,0,2.160657,0.88628566,2.2217875,0,0.46463585,0
0,0.8378301,0,0,0.7596274,0.13818102,0,1.2940792,0,0,0.68071973,1.4543712,0.9382007,0.06514303,0,1.7342238,0.9580083,1.1209173,0,0.035271488,0
0,1.9748223,0,0,1.2375407,0,0,1.974231,0,0,1.6292876,1.6891801,1.7576185,0.15483911,0,1.7767748,0.87056345,2.4728694,0,0.031644367,0
0,0.29284114,0,0,0,0,0,0.31811526,0,0,0,0.18801445,0,0.8394362,0,0.55211145,0,0.44552436,0,0,0
0,0.15312898,0.054265548,0,0.19246185,0,0,0.8261658,0,0,0.23580503,0.49855125,0.12886302,0.25040853,0,0.75766206,0.45421332,0.4570685,0,0,0
0,0.24914803,0,0,0.7310992,0,0,1.6803625,0,0,0.8052201,1.2180692,1.8215071,0.14617026,0,2.0612159,1.012755,2.105437,0,0.12125518,0
0,1.3856378,0,0,1.566512,0,0,1.0340904,0,0,1.1716237,1.8536441,1.0908484,0,0,2.3184237,1.041068,1.3797147,0,0.61560965,0
0,0.4229784,0,0,0.47246516,0,0,1.3858477,0,0,0.29294974,0.72845125,0.8322706,0.574361,0,1.1726798,0.40503332,0.8762834,0,0,0
0,0.13020599,0,0,0.47430402,0,0,0.6867292,0,0,0.4891056,0.87073755,0.8821695,0,0,1.30964,0.29798654,0.91392577,0,0.12571959,0
0,2.2348182,0,0,2.0645564,0.08017455,0,2.4742358,0,0,1.2951387,1.9713659,1.4200464,1.4142463,0,3.7335615,1.1214728,2.3168213,0,0.51222324,0
0,1.3182905,0,0,1.382953,0,0,2.3948205,0,0,1.2664329,1.760222,1.8682628,0,0,2.2754776,1.0441622,2.6799955,0,1.1466818,0
0,0,0.23925811,0.15909997,0,0,0.07364241,0.20496064,0,0,0,0.018052138,0,0.07645004,0.4248618,0,0,0.03339327,0.2627132,0,0
0,0.8633834,0,0,0.20494604,0,0,1.0647421,0,0,0.32134405,0.89046633,0.46554804,0.37409276,0,1.3841908,0.3770948,1.1083401,0,0.2284481,0
0,2.0300455,0,0,0.8639202,0.03154774,0,1.0687934,0,0,1.5236205,0.7409593,1.4828506,0,0,1.5294447,0.6030278,1.3316901,0,0.081945725,0
0,0.93749815,0,0,0.54032403,0.5406227,0,1.1981616,0,0,0,0.69997805,1.3732151,0,0,1.6481099,0.5930603,1.057764,0,0.44253916,0
0,0.48004568,0,0,1.1359286,0,0,1.1465102,0,0,0.54176974,0.44875175,0.73313075,0.06987992,0,0.96719676,0.30362704,1.0846804,0,0,0
0,1.4919672,0,0,1.511237,0,0,0.9210763,0,0,1.0764316,0.9580223,1.8232492,0.099381335,0,2.1928728,1.1893708,1.3008939,0,0.4625668,0
0,0.5651183,0,0,0.32691908,0.07397147,0,0.53019893,0,0,0.11106354,0.4931151,0.3435095,0.21123616,0,0.7539295,0.0664456,0.6375695,0,0.26289782,0
0,0.93092924,0,0,1.1898646,0,0,2.1421177,0,0,1.708079,1.1915833,1.9548671,0.061372727,0,2.3705082,1.2012781,2.0674703,0,0.42837295,0
0,0.012548357,0.16581911,0,0,0,0,0.93538547,0,0,0.14074165,0.08602052,0.179568,0.262767,0,0.9587692,0.07286297,0.42796728,0,0,0
0,1.6993223,0,0,1.1962562,0,0,2.42426,0,0,1.7354625,2.0552669,1.7295566,0,0,2.8944967,1.4509764,2.9228232,0,1.5497895,0
0,1.2102206,0,0,1.4809372,0,0,2.0091248,0,0,1.6267511,1.1997643,1.2599977,0,0,2.195094,0.53482807,1.1553339,0,0.6003432,0
0,0,0,0,0.47203028,0,0,0.5585952,0,0,0.18484351,0.27690136,0.4456697,0.029243082,0,0.69026744,0.22651532,0.36519566,0,0,0
0,0.23412284,0.16223462,0.034691863,0.15913081,0,0,0.48196277,0,0,0.2795603,0.4576843,0.11442931,0.094925195,0,0.56068736,0,0.46259156,0,0,0
0,0.79093796,0,0,1.1004274,0,0,0.79147923,0,0,1.7082708,0.80783075,1.3054043,0,0,2.4453473,0.848415,1.3651994,0,1.5162337,0
0,1.238288,0,0,1.0624709,0,0,1.6989084,0,0,0.8738376,1.1942109,1.962429,0.37507984,0,2.3128374,0.5595507,2.0563426,0,1.3791416,0
0,0.44189823,0,0,0,0,0,0.9658973,0,0,0.68250954,0.35446543,0.68681324,0.06467151,0,0.8772015,0.5134267,0.4291213,0,0.32859877,0
0,0.63673514,0,0,1.6545706,0,0,1.6158412,0,0,0.9539504,1.6169738,1.4365207,0,0,2.6340842,0.8196362,3.106582,0,0.83289903,0
0,0.8538458,0,0,1.3435655,0,0,0.9283236,0,0,1.0853434,1.1976308,0.8824768,0.10133722,0,1.6712768,0.7101764,2.1100168,0,0.41401577,0
0,1.5423696,0,0,1.5206993,0,0,1.8067514,0,0,1.147971,1.4621736,1.6470336,0,0,2.9472156,0.6539596,2.2406712,0,1.5454253,0
0,1.4339272,0,0,0.8020935,0,0,1.0085764,0,0,0.9317883,1.2747194,2.188683,0,0,2.3141644,1.0347056,1.2452801,0,0.20229647,0
0,0.063560724,0.3166154,0,0,0,0,0.70685315,0,0,0.12910181,0,0.15131219,0.2668347,0,0.69361097,0,0.14672056,0,0,0
0,2.0877018,0,0,1.5994723,0,0,1.9671634,0,0,1.7294301,1.8287058,2.3815186,0,0,3.3109257,1.2251192,2.2115262,0,0.0465905,0
0,0.19528124,0.6410952,0,0.04779199,0.3610107,0.33400255,0,0,0,0,0,0,0.06341403,1.2053415,0,0,0,0.701365,0,0
0,0.04603085,0.056391455,0,0.8636901,0,0,1.0121688,0,0,0.52716726,0.6267739,0.666041,0.4461447,0,1.2224112,0.39013568,0.6586541,0,0.29041627,0
0,0.15104169,0.33789492,0,0.38507384,0,0,0.62631786,0,0,0.07266075,0.02749069,0.44958982,0.4976794,0,0.69859374,0,0.5190922,0,0.07926856,0
0,0.37368244,0,0,0.9980362,0,0,1.7008806,0,0,1.3528785,1.1889709,1.9277059,0.3860991,0,2.5970507,0.62334085,0.919113,0,0.83440673,0
0,1.6694043,0,0,1.1194557,0,0,2.5272067,0,0,0.9062979,1.7116619,2.220793,0.04602094,0,2.30916,0.9494194,2.13796,0,1.2074198,0
0,0.24177895,0,0,0.015233427,0,0,0.74009514,0,0,0.04736848,0.48126894,0.03200583,0.3121995,0,0.59547615,0,0.47772068,0,0.007428154,0
0,1.1434022,0.15942459,0,0.85559934,0,0,1.2936593,0,0,0.66831136,1.286081,0.9804065,0.23309708,0,2.3380613,0.7441559,1.2779493,0,1.1239365,0
0,1.155167,0.064287715,0,0.90911716,0,0,1.9881532,0,0,0.9037905,1.6801043,1.6075321,0.44275215,0,2.326784,1.2147845,1.1023724,0,0.6984712,0
0,1.5144964,0,0,1.288603,0,0,3.391141,0,0,1.6051646,2.5429537,3.6884398,0.004759707,0,3.2552752,2.3468955,3.0177708,0,1.1552252,0
0,1.4327496,0.30824754,0,1.9488759,0,0,1.5011827,0,0,0.6966227,0.90564173,1.3887882,0.336103,0,2.6361833,0.76553804,1.5699186,0,0.6471196,0
0,0.85813427,0,0,1.4107959,0,0,1.3779745,0,0,1.4762814,0.7258389,1.6888124,0.28637648,0,2.0218325,0.9733467,0.72782147,0,0.112335764,0
0,0.56866443,0,0,0.59452134,0,0,0.82612765,0,0,0.32183915,0.7423902,0.7503507,0.3693508,0,0.89874804,0.32130182,0.7243151,0,0,0
0,0,0,0,1.1222262,0,0,2.5455992,0,0,2.2238727,1.9217646,2.6137846,0,0,2.8824823,1.444689,2.6080334,0,1.3161268,0
0,1.130793,0,0,0.983102,0,0,1.8656042,0,0,1.679562,0.99197465,0.7690354,0,0,1.6731743,1.2972198,1.2825745,0,0.41572717,0
0,1.7488854,0.16516417,0,2.06246,0,0,1.704372,0,0,1.5408707,1.2298343,1.3261483,0,0,1.2158003,0,1.4543684,0,0.5943054,0
0,0.3998738,0.12938507,0,0.789576,0,0,0.31464878,0,0,0.4758621,0.5840201,0.528994,0.43299967,0,1.3307787,0.31769538,0.5592339,0,0.14158304,0
0,0.48623604,0,0,0.22241285,0,0,0.8189466,0,0,0,0.6079268,0.53816354,0.5641412,0,0.6222983,0.23303425,0.6467305,0,0.5117757,0
0,1.6501335,0,0,1.1826247,0,0,1.8412704,0,0,1.3363336,1.4184111,2.0342207,0.32396284,0,2.139143,1.0785569,2.5070734,0,1.2727826,0
0,1.5367554,0,0,1.4021394,0,0,2.2915173,0,0,1.5096232,1.5235182,1.4069719,0,0,3.4955986,1.8080201,1.938758,0,1.3857936,0
0,0.5216361,0.001711674,0,0.19819677,0,0,0.7949238,0,0,0.28959936,0.68403786,0.48495218,0.35918325,0,0.8351642,0.38980547,0.5117832,0,0.08255672,0
0,0.9344116,0,0,0.80721545,0,0,1.3612274,0,0,0.24603292,1.0315083,0.9186236,0.16742235,0,2.0876155,0.5866995,1.1784815,0,0.31106943,0
0,0.03245579,0,0,0.065446556,0,0,0.30732518,0,0,0.08314997,0.31821078,0.57165414,0,0,0.9042135,0.24603108,0.36256284,0,0,0
0,0.55072415,0.20119491,0,0,0,0,0.6814773,0,0,0.30570233,0,0.121944994,0.27350652,0.28764814,0.4910079,0,0,0,0,0
0,0.34624654,0.004280083,0,0.26329562,0.043940075,0,0.8647282,0,0,0.14334805,0.43460828,0,0.39591914,0,0.61461806,0.14753824,0.12023361,0,0,0
0,0.3066346,0.24595538,0,0.11992208,0.24998227,0,0.38712728,0,0,0,0.11649724,0,0.37872863,0,0.7462999,0,0.18657008,0,0,0
0,0.44688797,0,0,0.5914717,0.12756363,0,1.2546636,0,0,0.7201687,0.5796089,0.9575401,0.36916232,0,1.3012415,0.8342585,1.2357402,0,0.45127964,0
0,1.4808812,0,0,2.1993146,0,0,2.9405491,0,0,1.6460612,1.596295,2.066562,0.9196969,0,1.966131,0.49860954,3.286242,0,1.1899341,0
0,0.17698729,0.22060633,0,0,0,0,0.54854095,0,0,0.03584351,0.16842309,0,0.39469597,0,0.45093775,0,0.33353177,0,0,0
0,0.95095605,0,0,1.3193473,0,0,1.4515052,0,0,0.4391664,2.0077863,1.4856856,0,0,1.2673059,0.8751676,1.6110446,0,0.62494534,0
0,0.5690507,0,0,1.1573024,0,0,1.333306,0,0,0.31274396,1.9243811,1.4414908,0,0,1.7059547,1.0417016,1.8122785,0,0,0
0,0.8134878,0.16174537,0,0.918762,0,0,1.2967625,0,0,0.61375666,0.95112205,0.51362723,0.46871766,0,1.9131014,0.56563157,0.4545712,0,0.6046595,0
0,1.0464296,0,0,1.4189943,0,0,3.193032,0,0,1.0943114,2.3122456,1.8839781,1.1785674,0,3.2042956,1.375077,1.1293803,0,1.9124241,0
0,0.86365366,0,0,0.5557169,0,0,1.7391157,0,0,0.87953615,0.48504394,1.5546662,0,0,2.4491796,0.46488544,2.630374,0,1.4570613,0
0,2.1648402,0.03267283,0,1.9947965,0,0,1.7497371,0,0,1.9980835,1.514944,1.5736421,0.12913862,0,1.7980486,1.1803138,0.5177243,0,0.003617458,0
0,0.09499739,0,0,1.2544225,0,0,1.3608378,0,0,1.8283654,1.3509074,1.0137887,0,0,1.9262727,1.0747678,1.4504108,0,0.34127942,0
0,1.9507108,0,0,0.8754819,0,0,2.1523788,0,0,1.66505,0.8325425,1.5797843,0,0,2.8225405,1.192693,2.6471207,0,0.08929663,0
0,1.2412635,0,0,0.79554325,0.010053419,0,1.5591179,0,0,0.7168057,1.1572595,0.58209294,0.30178842,0,1.3159407,0.543328,1.1613497,0,0.17509745,0
0,0.7064558,0,0,1.2676411,0,0,1.4641787,0,0,1.0342408,0.83524734,0.7124751,0.21611865,0,1.7880127,0.41064745,1.2680539,0,0.33550027,0
0.009255219,0,0.10203839,0,0,0,0,0.6773422,0,0,0.14638399,0.6581398,0.32998177,0.17594498,0,0.89354694,0.4010979,0.28760582,0,0,0
0,2.2641044,0,0,0.6629117,0,0,2.6093135,0,0,1.5842332,1.1082753,2.9282334,0,0,3.2331066,1.4790084,2.7026942,0,0.98323894,0
0,0.1453211,0,0,0.16836572,0,0,0.9678401,0,0,0.37971964,0.5351884,0.5577805,0.001155503,0,0.62940824,0.13891727,0.69663507,0,0.50408435,0
0,0.2902821,0.42859706,0,0.20954952,0,0,0.5868969,0,0,0,0.06675689,0,0.29937547,0,0.47700226,0,0.33592245,0,0.22184509,0
0,0.44828147,0.29127756,0,0.41562575,0.03863788,0,0.41153035,0,0,0.014049895,0.14681844,0,0.092935614,0,0.5683261,0,0.5050758,0,0.32349792,0
0,1.2455724,0,0,1.3760834,0,0,3.5555904,0,0,1.6713215,1.5776066,2.39209,1.1109703,0,2.3766387,0.60977805,2.3513067,0,1.0509471,0
0,1.2146512,0.087867565,0,1.4718628,0,0,2.1411126,0,0,0.17783898,1.8441919,1.1808738,0.17020753,0,2.7957313,1.3246335,1.7180852,0,0.3777402,0
0,1.002623,0.17302987,0,1.1397377,0,0,0.7051512,0,0,1.3137645,0.77546597,0.6164997,0,0,1.9192735,1.1955901,1.420099,0,0.67499655,0
0,1.0739057,0,0,1.6869726,0,0,2.0841024,0,0,0.7616035,1.9323076,1.9130813,0.26366577,0,3.2779534,1.5978764,2.3736463,0,0.55053926,0
0,0.5129141,0,0,0.33462685,0,0,2.9802701,0,0,1.541624,1.990968,3.2554853,0,0,3.5289414,1.5330405,2.521855,0,1.7716694,0
0,1.951007,0,0,1.3534534,0,0,2.1684575,0,0,1.3814688,1.46097,1.9600779,0.056601197,0,2.0181384,0.43861678,2.2368224,0,0.86263,0
0,1.5402821,0,0,1.2320971,0,0,2.6630807,0,0,1.648075,1.3547491,2.0759737,0.08746108,0,1.9401709,1.0881163,1.0140151,0,0.73143363,0
0,0,0,0,0.19042683,0,0,1.0942352,0,0,0.20480528,0.3864809,0.32250476,0,0,0.7204516,0.24430537,0.65943915,0,0,0
0,0.5820735,0,0,1.0054,0,0,1.6968596,0,0,1.3428762,1.5586151,2.1327946,0.264671,0,2.523461,1.7355031,2.3231337,0,0.54969877,0
0,0.91086453,0,0,2.1401007,0,0,2.45766,0,0,1.6680852,2.261808,3.1537275,0,0,4.2241864,1.0380312,3.5975068,0,1.2642696,0
0,3.21133,0.07636037,0,2.7372742,0,0,4.2581673,0,0,1.7961903,3.9591856,3.0312967,0.19301239,0,4.6641345,0.98925924,3.0226834,0,0,0
